GAME_ID,PLAYER_NAME,PERIOD,MINUTES_REMAINING,SECONDS_REMAINING,ACTION_TYPE,SHOT_TYPE,LOC_X,LOC_Y,SHOT_MADE_FLAG
21500003,Stephen Curry,1,10,56,Cutting Finger Roll Layup Shot,2PT Field Goal,1.2,3.1,TRUE
21500003,Stephen Curry,1,10,29,Jump Shot,3PT Field Goal,-17.6,19.5,FALSE
21500003,Stephen Curry,1,9,34,Layup Shot,2PT Field Goal,2,0.9,FALSE
21500003,Stephen Curry,1,9,13,Jump Shot,3PT Field Goal,-19.7,19.3,TRUE
21500003,Stephen Curry,1,7,11,Running Layup Shot,2PT Field Goal,-0.4,0.8,TRUE
21500003,Stephen Curry,1,6,45,Jump Shot,3PT Field Goal,-1.1,25.9,TRUE
21500003,Stephen Curry,1,5,50,Jump Shot,2PT Field Goal,-11.7,18.8,TRUE
21500003,Stephen Curry,1,5,3,Jump Shot,3PT Field Goal,-17.9,22.8,TRUE
21500003,Stephen Curry,1,3,57,Step Back Jump shot,3PT Field Goal,8.9,23.9,TRUE
21500003,Stephen Curry,1,3,6,Jump Shot,3PT Field Goal,-15.6,23.2,FALSE
21500003,Stephen Curry,1,2,45,Driving Finger Roll Layup Shot,2PT Field Goal,-1.9,2.1,TRUE
21500003,Stephen Curry,1,0,45,Driving Layup Shot,2PT Field Goal,1.2,1.8,TRUE
21500003,Stephen Curry,1,0,1,Jump Shot,3PT Field Goal,-18.6,34.5,FALSE
21500003,Stephen Curry,2,6,3,Jump Shot,3PT Field Goal,16.4,18.5,FALSE
21500003,Stephen Curry,2,4,54,Fadeaway Bank shot,2PT Field Goal,-9.6,8.5,TRUE
21500003,Stephen Curry,2,2,11,Jump Shot,3PT Field Goal,16.6,17.4,FALSE
21500003,Stephen Curry,2,1,16,Pullup Jump shot,3PT Field Goal,20.4,15.1,FALSE
21500003,Stephen Curry,2,0,0,Driving Finger Roll Layup Shot,2PT Field Goal,-0.9,0.8,TRUE
21500003,Stephen Curry,3,10,7,Driving Finger Roll Layup Shot,2PT Field Goal,1,1.1,TRUE
21500003,Stephen Curry,3,7,35,Cutting Finger Roll Layup Shot,2PT Field Goal,-0.7,1.3,TRUE
21500003,Stephen Curry,3,7,14,Jump Shot,2PT Field Goal,4.2,6.1,FALSE
21500003,Stephen Curry,3,5,19,Jump Shot,3PT Field Goal,16.1,20.3,FALSE
21500003,Stephen Curry,3,5,13,Jump Shot,2PT Field Goal,2,2.3,FALSE
21500003,Stephen Curry,3,3,23,Jump Shot,3PT Field Goal,18.4,17,TRUE
21500003,Stephen Curry,4,5,21,Floating Jump shot,2PT Field Goal,-12.2,4.3,FALSE
21500003,Stephen Curry,4,2,30,Driving Layup Shot,2PT Field Goal,0.6,0.7,FALSE
21500030,Stephen Curry,1,11,0,Step Back Jump shot,2PT Field Goal,-10.9,15.4,FALSE
21500030,Stephen Curry,1,9,22,Pullup Jump shot,3PT Field Goal,20.9,12.4,TRUE
21500030,Stephen Curry,1,8,56,Jump Shot,3PT Field Goal,22.8,8.7,TRUE
21500030,Stephen Curry,1,7,52,Pullup Jump shot,3PT Field Goal,-5.2,28.8,TRUE
21500030,Stephen Curry,1,6,23,Jump Shot,3PT Field Goal,-12.9,21.4,FALSE
21500030,Stephen Curry,1,3,5,Jump Shot,3PT Field Goal,22.2,10.6,FALSE
21500030,Stephen Curry,2,6,50,Jump Shot,3PT Field Goal,-23.5,-1.6,FALSE
21500030,Stephen Curry,2,4,5,Jump Shot,3PT Field Goal,-24,10,TRUE
21500030,Stephen Curry,2,3,49,Running Finger Roll Layup Shot,2PT Field Goal,1.4,-0.1,TRUE
21500030,Stephen Curry,2,1,56,Pullup Jump shot,3PT Field Goal,-11.5,22.4,FALSE
21500030,Stephen Curry,3,8,43,Floating Jump shot,2PT Field Goal,3.5,7.5,TRUE
21500030,Stephen Curry,3,6,41,Floating Jump shot,2PT Field Goal,-4.3,11,TRUE
21500030,Stephen Curry,4,7,18,Running Layup Shot,2PT Field Goal,1,0.2,TRUE
21500030,Stephen Curry,4,5,12,Cutting Layup Shot,2PT Field Goal,-2.5,1.3,TRUE
21500030,Stephen Curry,4,4,44,Step Back Jump shot,3PT Field Goal,8.7,22.9,FALSE
21500035,Stephen Curry,1,7,42,Jump Shot,3PT Field Goal,19.7,24.4,TRUE
21500035,Stephen Curry,1,6,30,Jump Shot,3PT Field Goal,7.6,26.4,FALSE
21500035,Stephen Curry,1,6,10,Jump Shot,2PT Field Goal,-2.2,18.8,TRUE
21500035,Stephen Curry,1,4,3,Jump Shot,3PT Field Goal,18.1,23.2,TRUE
21500035,Stephen Curry,1,2,5,Jump Shot,3PT Field Goal,12.2,23.9,FALSE
21500035,Stephen Curry,1,0,53,Driving Bank shot,2PT Field Goal,-7.3,8,FALSE
21500035,Stephen Curry,2,6,51,Floating Jump shot,2PT Field Goal,1.9,9,TRUE
21500035,Stephen Curry,2,3,47,Jump Shot,3PT Field Goal,23.6,-1.1,FALSE
21500035,Stephen Curry,3,9,53,Jump Shot,3PT Field Goal,-7.8,24.9,FALSE
21500035,Stephen Curry,3,9,12,Jump Shot,3PT Field Goal,-14.2,24.7,TRUE
21500035,Stephen Curry,3,8,5,Jump Shot,3PT Field Goal,-22.5,12,TRUE
21500035,Stephen Curry,3,7,40,Jump Shot,3PT Field Goal,-18.1,18.8,TRUE
21500035,Stephen Curry,3,6,30,Jump Shot,2PT Field Goal,13.7,6.1,TRUE
21500035,Stephen Curry,3,6,15,Jump Shot,2PT Field Goal,-11.9,18,FALSE
21500035,Stephen Curry,3,5,6,Running Finger Roll Layup Shot,2PT Field Goal,-0.1,1.6,TRUE
21500035,Stephen Curry,3,3,49,Jump Shot,3PT Field Goal,18.7,17,TRUE
21500035,Stephen Curry,3,2,40,Driving Layup Shot,2PT Field Goal,0.2,2.3,TRUE
21500035,Stephen Curry,3,1,34,Layup Shot,2PT Field Goal,1.7,0.8,TRUE
21500035,Stephen Curry,3,1,1,Driving Layup Shot,2PT Field Goal,1,0.8,TRUE
21500035,Stephen Curry,3,0,39,Jump Shot,3PT Field Goal,19.4,18.5,TRUE
21500035,Stephen Curry,3,0,9,Jump Shot,3PT Field Goal,3.8,26.7,FALSE
21500035,Stephen Curry,4,6,9,Step Back Jump shot,2PT Field Goal,-15.8,3.1,TRUE
21500035,Stephen Curry,4,5,44,Jump Shot,2PT Field Goal,-2.5,13.9,FALSE
21500035,Stephen Curry,4,3,13,Fadeaway Jump Shot,2PT Field Goal,12.3,1.1,TRUE
21500035,Stephen Curry,4,2,11,Jump Shot,3PT Field Goal,-14.5,25.9,TRUE
21500035,Stephen Curry,4,1,0,Jump Shot,3PT Field Goal,22.2,10,FALSE
21500035,Stephen Curry,4,0,34,Jump Shot,2PT Field Goal,-9.6,0.2,FALSE
21500051,Stephen Curry,1,10,36,Jump Shot,3PT Field Goal,-21,18.8,TRUE
21500051,Stephen Curry,1,9,34,Running Jump Shot,2PT Field Goal,-16,12,TRUE
21500051,Stephen Curry,1,8,5,Jump Shot,3PT Field Goal,-2,24.7,FALSE
21500051,Stephen Curry,1,6,14,Jump Shot,3PT Field Goal,-20.2,18.3,FALSE
21500051,Stephen Curry,1,0,59,Jump Shot,3PT Field Goal,6.9,23.7,FALSE
21500051,Stephen Curry,1,0,6,Jump Shot,2PT Field Goal,2.8,2.1,FALSE
21500051,Stephen Curry,2,2,48,Jump Shot,3PT Field Goal,16.3,20.3,FALSE
21500051,Stephen Curry,2,2,34,Floating Jump shot,2PT Field Goal,-0.7,6.2,TRUE
21500051,Stephen Curry,3,10,0,Step Back Jump shot,2PT Field Goal,16.4,4.1,TRUE
21500051,Stephen Curry,3,9,5,Step Back Jump shot,3PT Field Goal,-14.3,21,TRUE
21500051,Stephen Curry,3,7,49,Driving Reverse Layup Shot,2PT Field Goal,-0.9,0.7,FALSE
21500051,Stephen Curry,3,6,43,Running Reverse Layup Shot,2PT Field Goal,-0.6,2.6,TRUE
21500051,Stephen Curry,3,6,28,Running Reverse Layup Shot,2PT Field Goal,0.9,2.6,TRUE
21500051,Stephen Curry,3,5,32,Jump Shot,3PT Field Goal,23.2,9.5,TRUE
21500051,Stephen Curry,3,4,58,Jump Shot,3PT Field Goal,22.8,-0.5,TRUE
21500051,Stephen Curry,3,2,33,Floating Jump shot,2PT Field Goal,1.2,9.7,TRUE
21500069,Stephen Curry,1,11,17,Jump Shot,3PT Field Goal,-4.3,24.7,TRUE
21500069,Stephen Curry,2,9,42,Jump Shot,3PT Field Goal,-15.1,22.3,TRUE
21500069,Stephen Curry,2,7,56,Jump Shot,3PT Field Goal,-12.2,26.4,TRUE
21500069,Stephen Curry,2,6,57,Jump Shot,2PT Field Goal,10.1,15.4,FALSE
21500069,Stephen Curry,2,5,57,Pullup Jump shot,3PT Field Goal,-23.5,0.3,FALSE
21500069,Stephen Curry,2,2,8,Step Back Jump shot,3PT Field Goal,4.3,24.7,TRUE
21500069,Stephen Curry,3,10,39,Running Pull-Up Jump Shot,2PT Field Goal,5.3,15.4,FALSE
21500069,Stephen Curry,3,7,49,Jump Shot,3PT Field Goal,12.8,27.2,FALSE
21500069,Stephen Curry,3,6,56,Layup Shot,2PT Field Goal,-0.3,0.4,FALSE
21500069,Stephen Curry,3,3,38,Jump Shot,3PT Field Goal,-5.6,24.7,FALSE
21500069,Stephen Curry,3,3,0,Jump Shot,2PT Field Goal,-0.4,8.5,FALSE
21500069,Stephen Curry,3,2,35,Jump Shot,3PT Field Goal,16.3,20.3,FALSE
21500069,Stephen Curry,4,5,32,Step Back Jump shot,3PT Field Goal,-9.1,22.8,TRUE
21500069,Stephen Curry,4,4,56,Jump Shot,3PT Field Goal,10.1,24.9,TRUE
21500069,Stephen Curry,4,3,34,Running Jump Shot,2PT Field Goal,12,11.1,FALSE
21500069,Stephen Curry,4,2,36,Jump Shot,2PT Field Goal,-19.4,11.1,TRUE
21500069,Stephen Curry,4,1,8,Running Jump Shot,3PT Field Goal,-7.4,25.7,TRUE
21500083,Stephen Curry,1,8,17,Jump Shot,3PT Field Goal,19.5,15.9,FALSE
21500083,Stephen Curry,1,6,16,Layup Shot,2PT Field Goal,1,0.2,FALSE
21500083,Stephen Curry,1,5,37,Pullup Jump shot,3PT Field Goal,21.2,13.9,TRUE
21500083,Stephen Curry,1,5,12,Jump Shot,3PT Field Goal,21.3,14.9,FALSE
21500083,Stephen Curry,1,4,8,Jump Shot,3PT Field Goal,-19.6,18.3,TRUE
21500083,Stephen Curry,1,2,54,Jump Shot,3PT Field Goal,-8.1,25.2,TRUE
21500083,Stephen Curry,1,1,54,Jump Shot,2PT Field Goal,8.7,13.4,FALSE
21500083,Stephen Curry,1,1,16,Jump Shot,3PT Field Goal,23.3,-0.1,FALSE
21500083,Stephen Curry,1,0,6,Pullup Jump shot,3PT Field Goal,13.8,22.8,TRUE
21500083,Stephen Curry,2,3,13,Running Layup Shot,2PT Field Goal,-1.2,2.1,TRUE
21500083,Stephen Curry,2,1,6,Pullup Jump shot,3PT Field Goal,15.9,20,TRUE
21500083,Stephen Curry,2,0,25,Turnaround Jump Shot,3PT Field Goal,-21.2,13.4,TRUE
21500083,Stephen Curry,3,10,43,Jump Shot,3PT Field Goal,-6.6,26.2,FALSE
21500083,Stephen Curry,3,6,3,Jump Shot,3PT Field Goal,23.6,0.8,FALSE
21500083,Stephen Curry,3,5,58,Step Back Jump shot,3PT Field Goal,22.7,1.1,TRUE
21500083,Stephen Curry,3,4,57,Pullup Jump shot,3PT Field Goal,-23.2,0.7,FALSE
21500083,Stephen Curry,3,3,23,Floating Jump shot,2PT Field Goal,1,11.1,TRUE
21500083,Stephen Curry,3,3,1,Pullup Jump shot,3PT Field Goal,22.7,10.6,TRUE
21500083,Stephen Curry,3,2,28,Driving Reverse Layup Shot,2PT Field Goal,1.2,1.3,TRUE
21500083,Stephen Curry,3,0,42,Driving Layup Shot,2PT Field Goal,1.7,1.8,TRUE
21500083,Stephen Curry,4,3,55,Step Back Jump shot,3PT Field Goal,5.5,25.2,FALSE
21500092,Stephen Curry,1,8,45,Jump Shot,3PT Field Goal,-15.8,22.3,FALSE
21500092,Stephen Curry,1,5,56,Jump Shot,2PT Field Goal,-17.1,9.2,FALSE
21500092,Stephen Curry,1,3,9,Layup Shot,2PT Field Goal,2.4,1.1,TRUE
21500092,Stephen Curry,1,1,48,Jump Shot,3PT Field Goal,-16.6,20.4,FALSE
21500092,Stephen Curry,1,0,53,Jump Shot,3PT Field Goal,-23.7,7,FALSE
21500092,Stephen Curry,2,1,57,Jump Shot,3PT Field Goal,10.4,23.4,FALSE
21500092,Stephen Curry,3,9,37,Jump Shot,2PT Field Goal,-17.6,13.6,TRUE
21500092,Stephen Curry,3,7,51,Floating Jump shot,2PT Field Goal,-3.8,6.5,TRUE
21500092,Stephen Curry,3,7,21,Jump Shot,3PT Field Goal,12.3,20.5,FALSE
21500092,Stephen Curry,3,5,47,Running Layup Shot,2PT Field Goal,-0.2,2.3,TRUE
21500092,Stephen Curry,3,5,31,Jump Shot,3PT Field Goal,22.7,4.6,FALSE
21500092,Stephen Curry,3,5,23,Jump Shot,3PT Field Goal,22.7,9,FALSE
21500092,Stephen Curry,3,4,9,Driving Layup Shot,2PT Field Goal,1.4,2.3,TRUE
21500092,Stephen Curry,3,3,27,Running Layup Shot,2PT Field Goal,0.2,0.8,TRUE
21500092,Stephen Curry,3,0,20,Jump Shot,3PT Field Goal,13,21.3,FALSE
21500092,Stephen Curry,4,5,50,Running Jump Shot,2PT Field Goal,9.2,12.4,FALSE
21500092,Stephen Curry,4,5,43,Jump Shot,3PT Field Goal,7.1,26.4,TRUE
21500092,Stephen Curry,4,0,42,Jump Shot,3PT Field Goal,-23.5,2.1,TRUE
21500104,Stephen Curry,1,10,46,Step Back Jump shot,2PT Field Goal,-1.9,9.5,TRUE
21500104,Stephen Curry,1,4,18,Floating Jump shot,2PT Field Goal,-0.1,4.6,FALSE
21500104,Stephen Curry,1,3,44,Step Back Jump shot,2PT Field Goal,15.6,3.1,FALSE
21500104,Stephen Curry,1,2,8,Floating Jump shot,2PT Field Goal,9.6,8,FALSE
21500104,Stephen Curry,1,1,34,Step Back Jump shot,3PT Field Goal,-23.2,3.1,FALSE
21500104,Stephen Curry,2,7,25,Pullup Jump shot,3PT Field Goal,-21.4,13.4,TRUE
21500104,Stephen Curry,2,6,25,Floating Jump shot,2PT Field Goal,-7.9,14.1,FALSE
21500104,Stephen Curry,2,4,44,Driving Finger Roll Layup Shot,2PT Field Goal,-0.7,2.3,TRUE
21500104,Stephen Curry,2,4,8,Pullup Jump shot,3PT Field Goal,13.7,20.8,FALSE
21500104,Stephen Curry,2,0,7,Driving Finger Roll Layup Shot,2PT Field Goal,-0.7,2.3,TRUE
21500104,Stephen Curry,3,10,13,Running Jump Shot,2PT Field Goal,-2.2,2.6,FALSE
21500104,Stephen Curry,3,10,9,Jump Shot,3PT Field Goal,-22.8,0.2,FALSE
21500104,Stephen Curry,3,8,40,Jump Bank Shot,3PT Field Goal,15,21.3,TRUE
21500104,Stephen Curry,3,4,37,Jump Shot,3PT Field Goal,19.2,16,FALSE
21500104,Stephen Curry,3,1,52,Layup Shot,2PT Field Goal,0.1,2.3,FALSE
21500104,Stephen Curry,3,1,4,Jump Shot,2PT Field Goal,11.7,14.9,FALSE
21500104,Stephen Curry,3,0,15,Driving Layup Shot,2PT Field Goal,1,0.8,TRUE
21500104,Stephen Curry,4,4,1,Pullup Jump shot,3PT Field Goal,-0.6,25.9,TRUE
21500120,Stephen Curry,1,10,37,Driving Layup Shot,2PT Field Goal,2.5,0.2,TRUE
21500120,Stephen Curry,1,9,31,Step Back Jump shot,3PT Field Goal,-16.6,19.8,FALSE
21500120,Stephen Curry,1,8,34,Jump Shot,3PT Field Goal,-23.5,3.3,TRUE
21500120,Stephen Curry,1,3,42,Jump Shot,3PT Field Goal,-14.2,22.8,FALSE
21500120,Stephen Curry,1,2,31,Jump Bank Shot,2PT Field Goal,15.9,10.6,FALSE
21500120,Stephen Curry,2,3,52,Jump Shot,3PT Field Goal,11,23.2,FALSE
21500120,Stephen Curry,2,3,1,Running Finger Roll Layup Shot,2PT Field Goal,-0.7,0.8,TRUE
21500120,Stephen Curry,2,2,19,Driving Layup Shot,2PT Field Goal,2,-0.6,FALSE
21500120,Stephen Curry,2,0,4,Jump Shot,3PT Field Goal,4.6,26.4,FALSE
21500120,Stephen Curry,3,11,2,Pullup Bank shot,2PT Field Goal,-9.6,4.6,FALSE
21500120,Stephen Curry,3,9,54,Running Layup Shot,2PT Field Goal,0,1.6,TRUE
21500120,Stephen Curry,3,7,8,Jump Shot,3PT Field Goal,-10.7,23.2,FALSE
21500120,Stephen Curry,3,6,31,Jump Shot,2PT Field Goal,15.1,15.4,FALSE
21500120,Stephen Curry,3,4,15,Pullup Jump shot,2PT Field Goal,-1.6,21.4,FALSE
21500120,Stephen Curry,3,2,48,Driving Finger Roll Layup Shot,2PT Field Goal,0.9,1.1,TRUE
21500120,Stephen Curry,3,2,26,Driving Bank shot,3PT Field Goal,-8.9,27.2,TRUE
21500120,Stephen Curry,3,1,19,Jump Shot,3PT Field Goal,15.8,23.2,FALSE
21500120,Stephen Curry,3,0,13,Driving Layup Shot,2PT Field Goal,1.2,-0.5,TRUE
21500120,Stephen Curry,3,0,0,Running Jump Shot,3PT Field Goal,-19.9,34.2,TRUE
21500120,Stephen Curry,4,5,32,Jump Shot,3PT Field Goal,-22.8,-1.5,FALSE
21500120,Stephen Curry,4,2,37,Running Finger Roll Layup Shot,2PT Field Goal,0.9,0.2,TRUE
21500125,Stephen Curry,1,10,54,Jump Shot,3PT Field Goal,-14.5,23.4,TRUE
21500125,Stephen Curry,1,9,48,Jump Shot,3PT Field Goal,-23.5,7.5,TRUE
21500125,Stephen Curry,1,8,7,Layup Shot,2PT Field Goal,-2.5,1.3,FALSE
21500125,Stephen Curry,1,6,51,Jump Shot,3PT Field Goal,-24,1.6,TRUE
21500125,Stephen Curry,1,3,38,Pullup Jump shot,2PT Field Goal,13,12.4,TRUE
21500125,Stephen Curry,1,2,13,Jump Shot,3PT Field Goal,23,2.6,FALSE
21500125,Stephen Curry,1,1,50,Layup Shot,2PT Field Goal,0.4,-0.1,TRUE
21500125,Stephen Curry,1,0,53,Floating Jump shot,2PT Field Goal,2.7,6.1,FALSE
21500125,Stephen Curry,1,0,12,Jump Shot,3PT Field Goal,9.1,22.4,TRUE
21500125,Stephen Curry,2,4,13,Jump Shot,3PT Field Goal,-15.3,22.4,FALSE
21500125,Stephen Curry,2,3,25,Floating Jump shot,2PT Field Goal,-0.1,11,TRUE
21500125,Stephen Curry,2,0,0,Driving Layup Shot,2PT Field Goal,0.2,2.3,TRUE
21500125,Stephen Curry,3,8,33,Jump Shot,2PT Field Goal,-21.4,1.1,FALSE
21500125,Stephen Curry,3,6,0,Layup Shot,2PT Field Goal,-0.6,0.2,FALSE
21500125,Stephen Curry,3,5,17,Jump Shot,2PT Field Goal,8.6,13.9,TRUE
21500125,Stephen Curry,3,3,6,Jump Shot,3PT Field Goal,11.2,23.2,TRUE
21500125,Stephen Curry,3,2,39,Jump Shot,3PT Field Goal,19.2,15.9,TRUE
21500125,Stephen Curry,3,2,1,Jump Shot,3PT Field Goal,-5.8,24.7,FALSE
21500125,Stephen Curry,3,0,25,Floating Jump shot,2PT Field Goal,-4.5,8.7,FALSE
21500125,Stephen Curry,4,5,51,Jump Shot,3PT Field Goal,7.6,25.2,TRUE
21500125,Stephen Curry,4,5,23,Jump Shot,2PT Field Goal,12.3,12.1,TRUE
21500125,Stephen Curry,4,4,58,Jump Shot,3PT Field Goal,15.1,21.3,FALSE
21500125,Stephen Curry,4,2,54,Jump Shot,3PT Field Goal,-17.4,21.3,FALSE
21500125,Stephen Curry,4,1,55,Jump Bank Shot,2PT Field Goal,15.1,11.5,TRUE
21500125,Stephen Curry,4,0,29,Jump Shot,3PT Field Goal,5.1,25.7,TRUE
21500144,Stephen Curry,1,11,26,Driving Floating Jump Shot,2PT Field Goal,-1.4,6.5,TRUE
21500144,Stephen Curry,1,10,51,Jump Shot,3PT Field Goal,-22.3,13.4,FALSE
21500144,Stephen Curry,1,10,3,Jump Shot,3PT Field Goal,22.7,0.8,FALSE
21500144,Stephen Curry,1,7,21,Pullup Jump shot,3PT Field Goal,-6.3,25.9,FALSE
21500144,Stephen Curry,1,6,11,Running Layup Shot,2PT Field Goal,1.9,1.1,FALSE
21500144,Stephen Curry,1,3,27,Pullup Jump shot,3PT Field Goal,-17.9,19,TRUE
21500144,Stephen Curry,1,2,13,Driving Floating Jump Shot,2PT Field Goal,3.5,6.5,FALSE
21500144,Stephen Curry,1,0,30,Jump Shot,3PT Field Goal,12.7,21.9,FALSE
21500144,Stephen Curry,1,0,1,Pullup Jump shot,2PT Field Goal,-19.6,0.8,FALSE
21500144,Stephen Curry,2,3,9,Pullup Jump shot,3PT Field Goal,-6.8,24.2,TRUE
21500144,Stephen Curry,2,0,37,Jump Shot,2PT Field Goal,-13.3,12.1,TRUE
21500144,Stephen Curry,3,10,28,Fadeaway Jump Shot,3PT Field Goal,-16.3,19.8,FALSE
21500144,Stephen Curry,3,10,2,Driving Finger Roll Layup Shot,2PT Field Goal,-0.1,2.1,TRUE
21500144,Stephen Curry,3,9,28,Pullup Jump shot,2PT Field Goal,11,17.4,TRUE
21500144,Stephen Curry,3,7,43,Pullup Jump shot,3PT Field Goal,-17.8,21.4,FALSE
21500144,Stephen Curry,3,5,35,Driving Floating Bank Jump Shot,2PT Field Goal,9.2,5.6,TRUE
21500144,Stephen Curry,3,3,13,Step Back Jump shot,3PT Field Goal,-19.4,17,TRUE
21500144,Stephen Curry,3,2,9,Driving Floating Jump Shot,2PT Field Goal,0.2,4.3,TRUE
21500144,Stephen Curry,3,1,11,Pullup Jump shot,3PT Field Goal,12,23.2,FALSE
21500144,Stephen Curry,3,0,30,Jump Shot,3PT Field Goal,9.1,24.2,FALSE
21500144,Stephen Curry,3,0,25,Pullup Bank shot,3PT Field Goal,1,26.2,FALSE
21500144,Stephen Curry,4,7,27,Pullup Jump shot,3PT Field Goal,-20.9,14.1,TRUE
21500144,Stephen Curry,4,6,54,Floating Jump shot,2PT Field Goal,-0.6,8.5,FALSE
21500144,Stephen Curry,4,6,28,Jump Shot,3PT Field Goal,14.1,20,FALSE
21500144,Stephen Curry,4,5,24,Pullup Jump shot,3PT Field Goal,-23.5,4.7,TRUE
21500144,Stephen Curry,4,4,36,Driving Reverse Layup Shot,2PT Field Goal,1,0.2,TRUE
21500144,Stephen Curry,4,4,7,Pullup Jump shot,2PT Field Goal,-15.6,8.5,FALSE
21500144,Stephen Curry,4,0,22,Running Layup Shot,2PT Field Goal,-0.2,2.1,FALSE
21500144,Stephen Curry,5,4,0,Turnaround Jump Shot,3PT Field Goal,-16.5,18.5,FALSE
21500144,Stephen Curry,5,2,5,Driving Dunk Shot,2PT Field Goal,0,0.1,TRUE
21500144,Stephen Curry,5,0,38,Step Back Jump shot,2PT Field Goal,-12.5,12.9,FALSE
21500164,Stephen Curry,1,11,3,Jump Shot,3PT Field Goal,-23.2,4.6,FALSE
21500164,Stephen Curry,1,9,51,Driving Floating Jump Shot,2PT Field Goal,-2.2,4.3,FALSE
21500164,Stephen Curry,1,7,50,Running Layup Shot,2PT Field Goal,0.9,1.8,TRUE
21500164,Stephen Curry,1,2,54,Jump Shot,2PT Field Goal,-2,2.6,FALSE
21500164,Stephen Curry,1,2,39,Pullup Jump shot,3PT Field Goal,6.4,25.2,TRUE
21500164,Stephen Curry,1,2,8,Pullup Jump shot,3PT Field Goal,-17.8,18.5,FALSE
21500164,Stephen Curry,1,1,52,Jump Shot,3PT Field Goal,-23.3,1.1,FALSE
21500164,Stephen Curry,1,1,12,Step Back Jump shot,2PT Field Goal,16.3,13.1,FALSE
21500164,Stephen Curry,1,0,19,Pullup Jump shot,3PT Field Goal,10.9,23.2,TRUE
21500164,Stephen Curry,2,3,57,Driving Finger Roll Layup Shot,2PT Field Goal,1,0.8,TRUE
21500164,Stephen Curry,2,3,17,Turnaround Jump Shot,2PT Field Goal,-0.4,5.6,TRUE
21500164,Stephen Curry,2,2,8,Pullup Jump shot,3PT Field Goal,-2.7,25.2,FALSE
21500164,Stephen Curry,2,1,25,Pullup Jump shot,3PT Field Goal,-3,25.2,TRUE
21500164,Stephen Curry,3,11,44,Pullup Jump shot,2PT Field Goal,5.5,19.3,TRUE
21500164,Stephen Curry,3,5,56,Driving Finger Roll Layup Shot,2PT Field Goal,-1.9,1.6,TRUE
21500164,Stephen Curry,3,5,16,Jump Shot,3PT Field Goal,-12.2,23.9,FALSE
21500164,Stephen Curry,3,4,13,Floating Jump shot,2PT Field Goal,9.6,11,TRUE
21500164,Stephen Curry,3,3,15,Pullup Jump shot,3PT Field Goal,-14.7,20.5,TRUE
21500164,Stephen Curry,3,0,16,Driving Floating Jump Shot,2PT Field Goal,-3.2,8.2,TRUE
21500164,Stephen Curry,4,6,24,Floating Jump shot,2PT Field Goal,6.6,9,FALSE
21500164,Stephen Curry,4,5,18,Pullup Jump shot,3PT Field Goal,-0.4,25.7,TRUE
21500164,Stephen Curry,4,1,28,Turnaround Jump Shot,2PT Field Goal,13,10.6,TRUE
21500164,Stephen Curry,4,0,25,Jump Shot,2PT Field Goal,4.3,3.6,FALSE
21500177,Stephen Curry,1,11,8,Jump Shot,3PT Field Goal,-20.2,17.8,TRUE
21500177,Stephen Curry,1,10,39,Jump Shot,3PT Field Goal,-5.8,27.2,FALSE
21500177,Stephen Curry,2,10,1,Jump Shot,3PT Field Goal,16.3,21.4,FALSE
21500177,Stephen Curry,2,9,3,Jump Shot,2PT Field Goal,3.2,2.3,FALSE
21500177,Stephen Curry,2,8,1,Reverse Layup Shot,2PT Field Goal,2.2,2.3,FALSE
21500177,Stephen Curry,2,7,54,Jump Shot,3PT Field Goal,23.6,2.1,TRUE
21500177,Stephen Curry,2,6,45,Jump Shot,3PT Field Goal,-7,25.2,FALSE
21500177,Stephen Curry,2,2,33,Driving Layup Shot,2PT Field Goal,-2.9,1.1,TRUE
21500177,Stephen Curry,2,0,6,Jump Shot,3PT Field Goal,-14.8,23.2,TRUE
21500177,Stephen Curry,3,10,18,Jump Shot,3PT Field Goal,-15.6,21.3,FALSE
21500177,Stephen Curry,3,7,19,Jump Shot,2PT Field Goal,10.9,17.8,TRUE
21500177,Stephen Curry,3,6,50,Driving Layup Shot,2PT Field Goal,-0.1,3.6,TRUE
21500177,Stephen Curry,3,6,28,Jump Shot,3PT Field Goal,-12,23.2,FALSE
21500177,Stephen Curry,3,4,26,Jump Shot,2PT Field Goal,1.5,4.1,TRUE
21500177,Stephen Curry,3,3,32,Jump Shot,3PT Field Goal,4.8,25.9,FALSE
21500177,Stephen Curry,3,2,47,Driving Bank shot,2PT Field Goal,2.8,1.3,TRUE
21500177,Stephen Curry,3,1,1,Jump Shot,3PT Field Goal,7.1,23.7,FALSE
21500177,Stephen Curry,3,0,29,Jump Shot,2PT Field Goal,8.7,13.4,FALSE
21500177,Stephen Curry,4,6,31,Jump Shot,3PT Field Goal,-12.5,21.8,TRUE
21500177,Stephen Curry,4,5,33,Jump Shot,3PT Field Goal,17.6,17.8,TRUE
21500177,Stephen Curry,4,2,3,Jump Shot,3PT Field Goal,14.5,21.3,FALSE
21500177,Stephen Curry,4,1,47,Jump Shot,3PT Field Goal,-4.7,24.2,TRUE
21500187,Stephen Curry,1,9,50,Jump Bank Shot,3PT Field Goal,-12.7,21.3,TRUE
21500187,Stephen Curry,1,8,34,Jump Shot,2PT Field Goal,-2.4,2.1,FALSE
21500187,Stephen Curry,1,7,30,Driving Hook Shot,2PT Field Goal,1.4,8.5,TRUE
21500187,Stephen Curry,1,7,1,Jump Shot,3PT Field Goal,22.8,11.6,FALSE
21500187,Stephen Curry,1,5,48,Jump Shot,3PT Field Goal,16.3,21.8,FALSE
21500187,Stephen Curry,1,3,12,Jump Shot,3PT Field Goal,7.9,24.9,TRUE
21500187,Stephen Curry,1,0,36,Jump Shot,3PT Field Goal,15,21.9,FALSE
21500187,Stephen Curry,2,2,30,Jump Shot,3PT Field Goal,11.4,22.3,FALSE
21500187,Stephen Curry,2,0,19,Driving Layup Shot,2PT Field Goal,1,1.1,TRUE
21500187,Stephen Curry,3,10,24,Driving Layup Shot,2PT Field Goal,0.9,1.6,TRUE
21500187,Stephen Curry,3,9,35,Driving Floating Jump Shot,2PT Field Goal,0.2,6.1,TRUE
21500187,Stephen Curry,3,9,10,Pullup Jump shot,3PT Field Goal,-15.6,21.3,FALSE
21500187,Stephen Curry,3,3,13,Jump Shot,3PT Field Goal,-21.9,13.4,FALSE
21500187,Stephen Curry,3,0,50,Jump Shot,2PT Field Goal,8.7,16.4,TRUE
21500187,Stephen Curry,3,0,4,Jump Shot,2PT Field Goal,-12.9,8.7,FALSE
21500187,Stephen Curry,4,5,33,Step Back Jump shot,3PT Field Goal,14,20.8,FALSE
21500187,Stephen Curry,4,5,26,Jump Shot,3PT Field Goal,-2.9,25.2,TRUE
21500187,Stephen Curry,4,4,28,Jump Shot,3PT Field Goal,-6.5,25.2,FALSE
21500187,Stephen Curry,4,4,23,Driving Finger Roll Layup Shot,2PT Field Goal,-0.4,0.8,FALSE
21500187,Stephen Curry,4,3,48,Driving Layup Shot,2PT Field Goal,0.9,0.3,TRUE
21500200,Stephen Curry,1,10,27,Driving Finger Roll Layup Shot,2PT Field Goal,0,0.8,TRUE
21500200,Stephen Curry,1,8,50,Fadeaway Jump Shot,3PT Field Goal,19.5,16,FALSE
21500200,Stephen Curry,1,8,25,Jump Shot,3PT Field Goal,18.2,17.5,FALSE
21500200,Stephen Curry,1,4,17,Fadeaway Jump Shot,3PT Field Goal,24,-0.5,TRUE
21500200,Stephen Curry,1,3,58,Running Layup Shot,2PT Field Goal,1.4,0.2,TRUE
21500200,Stephen Curry,1,3,35,Jump Shot,3PT Field Goal,16.9,20.5,FALSE
21500200,Stephen Curry,1,2,0,Jump Shot,2PT Field Goal,17.7,0.2,FALSE
21500200,Stephen Curry,2,4,27,Pullup Jump shot,2PT Field Goal,0.4,5.6,TRUE
21500200,Stephen Curry,2,2,26,Jump Shot,3PT Field Goal,16.4,21.3,FALSE
21500200,Stephen Curry,2,1,43,Driving Finger Roll Layup Shot,2PT Field Goal,0.6,0,FALSE
21500200,Stephen Curry,3,11,30,Fadeaway Jump Shot,2PT Field Goal,-16,0.3,TRUE
21500200,Stephen Curry,3,10,47,Step Back Jump shot,2PT Field Goal,-21.7,7,TRUE
21500200,Stephen Curry,3,10,27,Jump Shot,3PT Field Goal,3.2,24.9,FALSE
21500200,Stephen Curry,3,9,15,Jump Shot,3PT Field Goal,3,25.4,TRUE
21500200,Stephen Curry,3,5,26,Layup Shot,2PT Field Goal,1.4,1.1,FALSE
21500200,Stephen Curry,3,2,30,Jump Shot,3PT Field Goal,22.5,9,TRUE
21500214,Stephen Curry,1,10,20,Step Back Jump shot,3PT Field Goal,15,20.5,FALSE
21500214,Stephen Curry,1,8,28,Pullup Jump shot,3PT Field Goal,-23.3,4.7,TRUE
21500214,Stephen Curry,1,5,35,Jump Shot,3PT Field Goal,0.4,26.7,FALSE
21500214,Stephen Curry,1,3,44,Driving Finger Roll Layup Shot,2PT Field Goal,-0.6,1.1,TRUE
21500214,Stephen Curry,1,3,19,Jump Shot,3PT Field Goal,-18.4,18,FALSE
21500214,Stephen Curry,1,1,7,Jump Shot,2PT Field Goal,11.5,14.4,FALSE
21500214,Stephen Curry,1,0,46,Jump Shot,3PT Field Goal,9.9,23.9,TRUE
21500214,Stephen Curry,1,0,13,Jump Shot,3PT Field Goal,11.5,22.8,FALSE
21500214,Stephen Curry,2,2,53,Jump Shot,2PT Field Goal,2.4,16.4,TRUE
21500214,Stephen Curry,2,2,19,Turnaround Jump Shot,2PT Field Goal,-7.9,10.6,FALSE
21500214,Stephen Curry,3,9,1,Turnaround Jump Shot,2PT Field Goal,6.4,2.6,TRUE
21500214,Stephen Curry,3,8,17,Jump Shot,3PT Field Goal,-16.9,20.3,FALSE
21500214,Stephen Curry,3,7,11,Pullup Jump shot,3PT Field Goal,23.2,2.3,TRUE
21500214,Stephen Curry,3,6,19,Running Finger Roll Layup Shot,2PT Field Goal,0.1,0.7,TRUE
21500214,Stephen Curry,3,5,50,Jump Shot,3PT Field Goal,-7.6,25.2,FALSE
21500214,Stephen Curry,3,3,25,Driving Finger Roll Layup Shot,2PT Field Goal,-0.1,2.6,TRUE
21500214,Stephen Curry,3,1,48,Jump Shot,3PT Field Goal,-14.8,22.9,FALSE
21500214,Stephen Curry,3,1,39,Layup Shot,2PT Field Goal,0.9,2.1,FALSE
21500214,Stephen Curry,3,1,2,Pullup Jump shot,3PT Field Goal,14.3,23.7,TRUE
21500214,Stephen Curry,3,0,32,Driving Finger Roll Layup Shot,2PT Field Goal,1,0.7,TRUE
21500236,Stephen Curry,1,10,27,Jump Shot,3PT Field Goal,-23.5,0.7,TRUE
21500236,Stephen Curry,1,5,48,Step Back Jump shot,3PT Field Goal,-11.7,22.3,TRUE
21500236,Stephen Curry,1,3,53,Jump Shot,3PT Field Goal,20.4,14.9,TRUE
21500236,Stephen Curry,1,1,52,Jump Shot,3PT Field Goal,17.4,17.5,TRUE
21500236,Stephen Curry,1,1,3,Jump Shot,3PT Field Goal,17.1,18.8,FALSE
21500236,Stephen Curry,1,0,34,Jump Shot,3PT Field Goal,18.2,17,TRUE
21500236,Stephen Curry,1,0,3,Driving Reverse Layup Shot,2PT Field Goal,-1.7,-0.1,FALSE
21500236,Stephen Curry,2,6,7,Jump Shot,3PT Field Goal,-13.8,21.3,TRUE
21500236,Stephen Curry,2,0,54,Running Finger Roll Layup Shot,2PT Field Goal,2.7,0.2,TRUE
21500236,Stephen Curry,2,0,34,Pullup Jump shot,3PT Field Goal,-14.2,22.9,TRUE
21500236,Stephen Curry,2,0,0,Jump Shot,3PT Field Goal,4.8,24.9,FALSE
21500236,Stephen Curry,3,9,54,Jump Shot,3PT Field Goal,-10.1,24.9,FALSE
21500236,Stephen Curry,3,6,20,Cutting Layup Shot,2PT Field Goal,0.2,2.1,TRUE
21500236,Stephen Curry,3,5,53,Jump Shot,3PT Field Goal,-9.7,21.9,FALSE
21500236,Stephen Curry,3,5,35,Layup Shot,2PT Field Goal,-1.7,0.7,FALSE
21500236,Stephen Curry,3,5,31,Jump Shot,3PT Field Goal,21.7,11,TRUE
21500236,Stephen Curry,3,2,29,Jump Shot,3PT Field Goal,-22.7,-1.1,FALSE
21500236,Stephen Curry,3,2,24,Jump Shot,3PT Field Goal,-19.7,16,TRUE
21500236,Stephen Curry,3,0,55,Jump Shot,3PT Field Goal,-10.2,23.2,FALSE
21500236,Stephen Curry,3,0,0,Jump Shot,3PT Field Goal,-21.2,38.2,FALSE
21500245,Stephen Curry,1,11,14,Step Back Jump shot,3PT Field Goal,0.9,24.7,FALSE
21500245,Stephen Curry,1,10,0,Running Reverse Layup Shot,2PT Field Goal,-1.2,1.6,TRUE
21500245,Stephen Curry,1,8,15,Pullup Jump shot,3PT Field Goal,5.1,25.7,FALSE
21500245,Stephen Curry,1,5,18,Pullup Jump shot,3PT Field Goal,-20.2,14.9,TRUE
21500245,Stephen Curry,1,3,4,Step Back Jump shot,3PT Field Goal,15.8,19.3,TRUE
21500245,Stephen Curry,1,0,57,Jump Shot,3PT Field Goal,8.2,24.2,TRUE
21500245,Stephen Curry,3,6,44,Pullup Jump shot,3PT Field Goal,-6.6,25.4,FALSE
21500259,Stephen Curry,1,11,12,Jump Shot,3PT Field Goal,21.2,14.9,TRUE
21500259,Stephen Curry,1,9,10,Jump Shot,2PT Field Goal,15.6,4.6,TRUE
21500259,Stephen Curry,1,7,27,Jump Shot,3PT Field Goal,16.4,17.5,FALSE
21500259,Stephen Curry,1,5,6,Finger Roll Layup Shot,2PT Field Goal,3.2,0.7,TRUE
21500259,Stephen Curry,1,3,1,Finger Roll Layup Shot,2PT Field Goal,2.8,1.1,FALSE
21500259,Stephen Curry,1,2,0,Jump Shot,2PT Field Goal,3.8,0,FALSE
21500259,Stephen Curry,2,4,29,Finger Roll Layup Shot,2PT Field Goal,-2.4,0,FALSE
21500259,Stephen Curry,2,1,24,Jump Shot,3PT Field Goal,-4.7,25.7,FALSE
21500259,Stephen Curry,3,11,12,Reverse Layup Shot,2PT Field Goal,2.5,-0.6,TRUE
21500259,Stephen Curry,3,8,2,Step Back Jump shot,2PT Field Goal,-19.2,-1.1,FALSE
21500259,Stephen Curry,3,4,21,Jump Shot,3PT Field Goal,-20.4,15.6,FALSE
21500259,Stephen Curry,3,3,10,Layup Shot,2PT Field Goal,-2,1.3,FALSE
21500259,Stephen Curry,3,2,34,Jump Shot,3PT Field Goal,-17.3,17.8,TRUE
21500259,Stephen Curry,3,0,52,Layup Shot,2PT Field Goal,1.9,-0.6,TRUE
21500259,Stephen Curry,4,6,20,Jump Shot,3PT Field Goal,11.9,20.8,TRUE
21500259,Stephen Curry,4,2,24,Jump Shot,3PT Field Goal,-2,25.4,FALSE
21500259,Stephen Curry,4,1,46,Step Back Jump shot,2PT Field Goal,-12.5,17.5,TRUE
21500259,Stephen Curry,4,1,29,Running Layup Shot,2PT Field Goal,0.2,0.7,FALSE
21500259,Stephen Curry,4,0,51,Step Back Jump shot,3PT Field Goal,-20.5,16.5,TRUE
21500259,Stephen Curry,4,0,16,Jump Shot,2PT Field Goal,12,19.8,FALSE
21500268,Stephen Curry,1,10,42,Jump Shot,3PT Field Goal,-23.8,1.1,FALSE
21500268,Stephen Curry,1,5,44,Pullup Jump shot,3PT Field Goal,21.8,11.6,TRUE
21500268,Stephen Curry,1,5,21,Pullup Jump shot,3PT Field Goal,1.9,30.1,TRUE
21500268,Stephen Curry,1,4,57,Jump Shot,3PT Field Goal,10.4,29.1,FALSE
21500268,Stephen Curry,1,0,37,Jump Shot,3PT Field Goal,1.2,25.2,FALSE
21500268,Stephen Curry,2,3,18,Driving Layup Shot,2PT Field Goal,0.9,2.6,TRUE
21500268,Stephen Curry,2,2,18,Jump Shot,3PT Field Goal,23.2,1.8,TRUE
21500268,Stephen Curry,3,10,11,Driving Layup Shot,2PT Field Goal,1.4,1.3,TRUE
21500268,Stephen Curry,3,8,14,Driving Layup Shot,2PT Field Goal,-1.1,1.1,TRUE
21500268,Stephen Curry,3,5,56,Jump Shot,2PT Field Goal,-2.9,12.9,FALSE
21500268,Stephen Curry,3,4,55,Driving Layup Shot,2PT Field Goal,-0.9,0.3,TRUE
21500268,Stephen Curry,3,3,59,Jump Shot,3PT Field Goal,-23.5,1.6,TRUE
21500268,Stephen Curry,3,2,34,Running Layup Shot,2PT Field Goal,-0.9,1.6,TRUE
21500268,Stephen Curry,3,1,53,Jump Shot,3PT Field Goal,-6.3,24.2,TRUE
21500268,Stephen Curry,3,1,29,Pullup Jump shot,3PT Field Goal,14.3,26.2,TRUE
21500268,Stephen Curry,3,0,58,Driving Layup Shot,2PT Field Goal,0.9,0.8,TRUE
21500268,Stephen Curry,3,0,33,Jump Shot,3PT Field Goal,-10.1,26.7,TRUE
21500268,Stephen Curry,3,0,3,Pullup Jump shot,3PT Field Goal,15.8,25.7,TRUE
21500290,Stephen Curry,1,10,18,Pullup Jump shot,3PT Field Goal,15.3,19,TRUE
21500290,Stephen Curry,1,8,49,Jump Shot,3PT Field Goal,0.4,24.2,TRUE
21500290,Stephen Curry,1,8,26,Running Jump Shot,3PT Field Goal,22.8,2.6,TRUE
21500290,Stephen Curry,1,7,5,Running Pull-Up Jump Shot,2PT Field Goal,6.9,13.6,TRUE
21500290,Stephen Curry,1,6,39,Jump Shot,3PT Field Goal,5,24.2,TRUE
21500290,Stephen Curry,1,6,5,Pullup Jump shot,3PT Field Goal,9.9,23.7,FALSE
21500290,Stephen Curry,1,2,40,Jump Shot,3PT Field Goal,-0.2,24.2,FALSE
21500290,Stephen Curry,1,1,36,Driving Floating Jump Shot,2PT Field Goal,4.8,11.5,TRUE
21500290,Stephen Curry,1,0,35,Reverse Layup Shot,2PT Field Goal,1,1.3,FALSE
21500290,Stephen Curry,2,2,10,Jump Shot,3PT Field Goal,-21.5,11.5,TRUE
21500290,Stephen Curry,2,1,25,Finger Roll Layup Shot,2PT Field Goal,-0.2,4.1,TRUE
21500290,Stephen Curry,3,11,20,Pullup Jump shot,3PT Field Goal,0.6,24.2,FALSE
21500290,Stephen Curry,3,7,43,Driving Finger Roll Layup Shot,2PT Field Goal,-3,3.1,TRUE
21500290,Stephen Curry,3,3,33,Driving Floating Jump Shot,2PT Field Goal,-6.6,7.2,FALSE
21500290,Stephen Curry,3,1,58,Driving Floating Jump Shot,2PT Field Goal,-10.4,11,FALSE
21500290,Stephen Curry,3,1,50,Jump Shot,3PT Field Goal,-23.8,0.8,TRUE
21500290,Stephen Curry,3,1,5,Jump Shot,3PT Field Goal,18.4,15.6,FALSE
21500290,Stephen Curry,3,0,2,Driving Floating Bank Jump Shot,2PT Field Goal,7.1,4.6,TRUE
21500290,Stephen Curry,4,7,6,Pullup Jump shot,3PT Field Goal,17.6,18,TRUE
21500290,Stephen Curry,4,5,6,Driving Floating Jump Shot,2PT Field Goal,-8.4,5.7,FALSE
21500290,Stephen Curry,4,4,23,Jump Shot,3PT Field Goal,-21,19.8,FALSE
21500290,Stephen Curry,4,3,37,Running Pull-Up Jump Shot,3PT Field Goal,0.4,25.2,TRUE
21500290,Stephen Curry,4,2,33,Pullup Jump shot,3PT Field Goal,0.2,24.9,TRUE
21500290,Stephen Curry,4,1,52,Pullup Jump shot,3PT Field Goal,-4.5,25.2,FALSE
21500300,Stephen Curry,1,7,36,Jump Shot,3PT Field Goal,-23.2,9.5,TRUE
21500300,Stephen Curry,1,6,27,Jump Shot,3PT Field Goal,-19.2,16,FALSE
21500300,Stephen Curry,1,5,4,Driving Layup Shot,2PT Field Goal,-2.4,0.3,TRUE
21500300,Stephen Curry,1,2,44,Cutting Finger Roll Layup Shot,2PT Field Goal,2.5,0.7,TRUE
21500300,Stephen Curry,2,2,45,Floating Jump shot,2PT Field Goal,8.4,12.9,TRUE
21500300,Stephen Curry,2,1,49,Jump Shot,3PT Field Goal,-10.6,26.9,TRUE
21500300,Stephen Curry,3,10,16,Jump Shot,3PT Field Goal,0,24.9,FALSE
21500300,Stephen Curry,3,8,6,Driving Layup Shot,2PT Field Goal,2.4,0.2,TRUE
21500300,Stephen Curry,3,4,37,Jump Shot,3PT Field Goal,-22,11,FALSE
21500300,Stephen Curry,3,4,7,Jump Shot,3PT Field Goal,-23,3.1,TRUE
21500300,Stephen Curry,3,3,23,Jump Shot,3PT Field Goal,23.3,-2.1,FALSE
21500300,Stephen Curry,3,2,10,Driving Bank shot,2PT Field Goal,6.6,5.6,TRUE
21500300,Stephen Curry,3,1,45,Jump Shot,3PT Field Goal,17.3,21.3,TRUE
21500300,Stephen Curry,3,1,11,Running Jump Shot,2PT Field Goal,2.5,11,FALSE
21500300,Stephen Curry,3,0,27,Layup Shot,2PT Field Goal,2.7,0.7,TRUE
21500300,Stephen Curry,3,0,1,Jump Shot,3PT Field Goal,-20.7,12.9,TRUE
21500300,Stephen Curry,4,4,46,Driving Finger Roll Layup Shot,2PT Field Goal,-2.4,-1,FALSE
21500314,Stephen Curry,1,11,47,Jump Shot,3PT Field Goal,13.5,21.8,FALSE
21500314,Stephen Curry,1,10,43,Alley Oop Layup shot,2PT Field Goal,0.1,-0.5,TRUE
21500314,Stephen Curry,1,9,2,Step Back Jump shot,2PT Field Goal,16.3,11,FALSE
21500314,Stephen Curry,1,8,49,Cutting Layup Shot,2PT Field Goal,0.9,0.8,TRUE
21500314,Stephen Curry,1,7,7,Jump Shot,3PT Field Goal,-19.9,19.3,FALSE
21500314,Stephen Curry,1,3,8,Jump Shot,3PT Field Goal,18.7,18.8,TRUE
21500314,Stephen Curry,1,2,18,Driving Finger Roll Layup Shot,2PT Field Goal,1.4,0.2,TRUE
21500314,Stephen Curry,1,1,53,Jump Shot,3PT Field Goal,-18.7,19.3,TRUE
21500314,Stephen Curry,1,0,32,Jump Shot,3PT Field Goal,-14,20.3,FALSE
21500314,Stephen Curry,2,4,2,Pullup Jump shot,2PT Field Goal,9.2,16.4,FALSE
21500314,Stephen Curry,2,3,50,Jump Shot,3PT Field Goal,20.9,15.4,FALSE
21500314,Stephen Curry,2,3,3,Jump Shot,3PT Field Goal,21.8,12,TRUE
21500314,Stephen Curry,2,1,1,Layup Shot,2PT Field Goal,-1.2,-0.6,FALSE
21500314,Stephen Curry,2,0,5,Jump Shot,3PT Field Goal,21,14.4,FALSE
21500314,Stephen Curry,3,9,11,Driving Layup Shot,2PT Field Goal,-2.2,0.7,FALSE
21500314,Stephen Curry,3,3,30,Running Reverse Layup Shot,2PT Field Goal,-1.4,-0.5,TRUE
21500314,Stephen Curry,3,2,38,Jump Shot,2PT Field Goal,-2.5,7.7,TRUE
21500314,Stephen Curry,3,0,30,Jump Shot,3PT Field Goal,19.7,20.8,FALSE
21500314,Stephen Curry,3,0,2,Step Back Jump shot,2PT Field Goal,15.9,10.6,TRUE
21500314,Stephen Curry,4,3,49,Step Back Jump shot,2PT Field Goal,7.6,16.9,TRUE
21500314,Stephen Curry,4,3,7,Jump Shot,3PT Field Goal,16.8,20.8,FALSE
21500314,Stephen Curry,4,1,43,Jump Shot,2PT Field Goal,2.7,3.6,FALSE
21500314,Stephen Curry,4,0,35,Driving Finger Roll Layup Shot,2PT Field Goal,-3.4,0.7,TRUE
21500336,Stephen Curry,1,10,19,Jump Shot,2PT Field Goal,14.8,14.6,FALSE
21500336,Stephen Curry,1,9,23,Jump Shot,3PT Field Goal,14,22.3,TRUE
21500336,Stephen Curry,1,8,23,Layup Shot,2PT Field Goal,2,0.7,FALSE
21500336,Stephen Curry,1,7,45,Jump Shot,3PT Field Goal,14.3,23.2,FALSE
21500336,Stephen Curry,1,6,9,Jump Shot,3PT Field Goal,0.6,26.7,FALSE
21500336,Stephen Curry,1,5,42,Floating Jump shot,2PT Field Goal,5.3,0.8,FALSE
21500336,Stephen Curry,1,4,38,Floating Jump shot,2PT Field Goal,3,7,FALSE
21500336,Stephen Curry,1,3,56,Running Layup Shot,2PT Field Goal,1.2,0.3,TRUE
21500336,Stephen Curry,2,4,59,Jump Shot,3PT Field Goal,-19.6,14.9,TRUE
21500336,Stephen Curry,2,4,13,Pullup Jump shot,3PT Field Goal,18.2,22.8,TRUE
21500336,Stephen Curry,2,2,0,Jump Shot,3PT Field Goal,21,16.4,FALSE
21500336,Stephen Curry,2,0,7,Jump Shot,3PT Field Goal,12.8,23.7,FALSE
21500336,Stephen Curry,2,0,0,Jump Shot,2PT Field Goal,-7.9,20.8,FALSE
21500336,Stephen Curry,3,10,32,Jump Shot,3PT Field Goal,2,24.7,TRUE
21500336,Stephen Curry,3,8,44,Layup Shot,2PT Field Goal,-1.4,1.6,FALSE
21500336,Stephen Curry,3,6,32,Jump Shot,2PT Field Goal,16.3,13.4,FALSE
21500336,Stephen Curry,4,8,28,Driving Finger Roll Layup Shot,2PT Field Goal,0.9,0.2,TRUE
21500336,Stephen Curry,4,5,40,Fadeaway Jump Shot,3PT Field Goal,4.2,24.7,TRUE
21500336,Stephen Curry,4,4,48,Driving Finger Roll Layup Shot,2PT Field Goal,-2,1.3,FALSE
21500336,Stephen Curry,4,3,20,Jump Shot,2PT Field Goal,14.5,12.9,FALSE
21500336,Stephen Curry,4,2,31,Jump Shot,3PT Field Goal,1.9,26.2,FALSE
21500336,Stephen Curry,4,2,28,Layup Shot,2PT Field Goal,-0.5,1.4,FALSE
21500336,Stephen Curry,4,0,46,Jump Shot,3PT Field Goal,-2.4,28.8,TRUE
21500336,Stephen Curry,4,0,23,Jump Shot,2PT Field Goal,-14.7,9.5,FALSE
21500336,Stephen Curry,5,1,41,Jump Shot,3PT Field Goal,-14.5,21.4,FALSE
21500336,Stephen Curry,5,0,53,Driving Finger Roll Layup Shot,2PT Field Goal,1,0.2,TRUE
21500336,Stephen Curry,5,0,23,Jump Shot,3PT Field Goal,17.6,19.5,FALSE
21500351,Stephen Curry,1,11,7,Jump Shot,3PT Field Goal,-7.4,28.2,FALSE
21500351,Stephen Curry,1,7,16,Jump Shot,3PT Field Goal,21.3,13.9,FALSE
21500351,Stephen Curry,1,6,30,Reverse Layup Shot,2PT Field Goal,1,0.7,TRUE
21500351,Stephen Curry,1,6,1,Driving Reverse Layup Shot,2PT Field Goal,-1.1,0.8,TRUE
21500351,Stephen Curry,1,5,16,Jump Shot,3PT Field Goal,22.2,-1.1,TRUE
21500351,Stephen Curry,1,3,14,Layup Shot,2PT Field Goal,-1.6,0.3,TRUE
21500351,Stephen Curry,1,2,45,Jump Shot,2PT Field Goal,-0.7,13.9,FALSE
21500351,Stephen Curry,1,1,21,Jump Shot,2PT Field Goal,-3.4,1.8,FALSE
21500351,Stephen Curry,1,1,15,Jump Shot,3PT Field Goal,-23.7,-1.1,FALSE
21500351,Stephen Curry,1,0,34,Jump Shot,2PT Field Goal,16.8,-2.1,TRUE
21500351,Stephen Curry,2,3,4,Floating Jump shot,2PT Field Goal,0.1,9,FALSE
21500351,Stephen Curry,2,1,11,Jump Shot,2PT Field Goal,15.9,6.2,TRUE
21500351,Stephen Curry,2,0,1,Layup Shot,2PT Field Goal,-1.3,1.4,FALSE
21500351,Stephen Curry,3,8,18,Pullup Jump shot,3PT Field Goal,0.3,24.5,FALSE
21500351,Stephen Curry,3,7,26,Layup Shot,2PT Field Goal,-0.9,0.3,TRUE
21500351,Stephen Curry,3,5,49,Jump Shot,3PT Field Goal,8.6,25.7,FALSE
21500351,Stephen Curry,3,1,32,Driving Layup Shot,2PT Field Goal,-0.7,0.7,TRUE
21500351,Stephen Curry,3,1,2,Jump Shot,2PT Field Goal,-19.1,0.3,FALSE
21500351,Stephen Curry,4,6,38,Jump Shot,3PT Field Goal,6,23.9,FALSE
21500351,Stephen Curry,4,4,44,Jump Shot,3PT Field Goal,15.3,21.4,TRUE
21500351,Stephen Curry,4,4,11,Cutting Layup Shot,2PT Field Goal,-0.2,0.2,TRUE
21500351,Stephen Curry,4,3,39,Jump Shot,3PT Field Goal,-11.2,24.2,FALSE
21500381,Stephen Curry,1,8,1,Layup Shot,2PT Field Goal,-0.4,2.1,FALSE
21500381,Stephen Curry,1,6,28,Pullup Jump shot,2PT Field Goal,7.8,15.4,TRUE
21500381,Stephen Curry,1,4,28,Jump Shot,3PT Field Goal,11.4,24.7,FALSE
21500381,Stephen Curry,1,2,3,Pullup Jump shot,3PT Field Goal,-10.7,22.4,FALSE
21500381,Stephen Curry,2,4,41,Turnaround Fadeaway Bank Jump Shot,2PT Field Goal,4.2,8.5,TRUE
21500381,Stephen Curry,2,3,7,Step Back Jump shot,3PT Field Goal,-9.2,23.7,TRUE
21500381,Stephen Curry,2,2,12,Running Reverse Layup Shot,2PT Field Goal,-1.6,0.7,TRUE
21500381,Stephen Curry,2,1,41,Pullup Jump shot,3PT Field Goal,15.3,20.8,TRUE
21500381,Stephen Curry,2,1,4,Jump Shot,3PT Field Goal,-6.6,26.4,FALSE
21500381,Stephen Curry,3,9,39,Driving Floating Jump Shot,2PT Field Goal,5.3,9.5,TRUE
21500381,Stephen Curry,3,9,15,Running Layup Shot,2PT Field Goal,0.9,1.6,TRUE
21500381,Stephen Curry,3,7,15,Reverse Layup Shot,2PT Field Goal,0,1.1,TRUE
21500381,Stephen Curry,3,6,3,Cutting Layup Shot,2PT Field Goal,0,2.6,TRUE
21500381,Stephen Curry,3,0,48,Jump Shot,2PT Field Goal,12,16.5,TRUE
21500397,Stephen Curry,1,11,20,Jump Shot,3PT Field Goal,14.8,19,TRUE
21500397,Stephen Curry,1,8,52,Driving Finger Roll Layup Shot,2PT Field Goal,-2.2,1.1,TRUE
21500397,Stephen Curry,1,8,23,Jump Shot,2PT Field Goal,-1.7,8.5,FALSE
21500397,Stephen Curry,1,6,48,Jump Shot,2PT Field Goal,-3.7,9.7,TRUE
21500397,Stephen Curry,1,4,52,Step Back Jump shot,3PT Field Goal,-19.4,17.5,TRUE
21500397,Stephen Curry,1,0,1,Jump Shot,3PT Field Goal,-20.4,18.3,FALSE
21500397,Stephen Curry,2,4,17,Jump Shot,2PT Field Goal,-3,8.5,FALSE
21500397,Stephen Curry,2,0,26,Jump Shot,3PT Field Goal,4.2,25.2,FALSE
21500397,Stephen Curry,2,0,5,Jump Shot,3PT Field Goal,-19.4,15.9,FALSE
21500397,Stephen Curry,3,4,33,Step Back Jump shot,2PT Field Goal,-21.2,0.8,TRUE
21500397,Stephen Curry,3,2,50,Layup Shot,2PT Field Goal,-1.2,1.1,FALSE
21500397,Stephen Curry,4,2,52,Turnaround Fadeaway shot,2PT Field Goal,0.6,4.1,TRUE
21500397,Stephen Curry,4,2,16,Driving Reverse Layup Shot,2PT Field Goal,-0.4,1.6,TRUE
21500397,Stephen Curry,4,0,51,Jump Shot,3PT Field Goal,21.7,12,FALSE
21500434,Stephen Curry,1,10,48,Pullup Jump shot,3PT Field Goal,4.6,24.4,TRUE
21500434,Stephen Curry,1,9,31,Jump Shot,2PT Field Goal,15.5,12.9,FALSE
21500434,Stephen Curry,1,7,43,Driving Reverse Layup Shot,2PT Field Goal,-1.4,1.1,TRUE
21500434,Stephen Curry,1,7,13,Pullup Jump shot,3PT Field Goal,-9.2,24.2,FALSE
21500434,Stephen Curry,1,4,55,Jump Shot,3PT Field Goal,-22.8,3.8,FALSE
21500434,Stephen Curry,1,0,29,Floating Jump shot,2PT Field Goal,-9.6,2.8,TRUE
21500434,Stephen Curry,2,2,18,Reverse Layup Shot,2PT Field Goal,1,2.1,FALSE
21500434,Stephen Curry,2,0,2,Jump Shot,3PT Field Goal,15.8,19,FALSE
21500434,Stephen Curry,3,8,22,Jump Shot,2PT Field Goal,8.2,18.8,TRUE
21500434,Stephen Curry,3,4,15,Jump Shot,3PT Field Goal,-17.1,21.8,FALSE
21500434,Stephen Curry,3,3,46,Jump Shot,3PT Field Goal,-23.3,2.6,FALSE
21500434,Stephen Curry,3,2,4,Jump Shot,3PT Field Goal,-24.1,1.1,FALSE
21500434,Stephen Curry,3,1,9,Jump Shot,2PT Field Goal,-0.9,3.1,FALSE
21500434,Stephen Curry,4,5,53,Pullup Jump shot,3PT Field Goal,-23.8,4.3,TRUE
21500438,Stephen Curry,1,8,17,Layup Shot,2PT Field Goal,0.4,1.6,FALSE
21500438,Stephen Curry,1,6,53,Jump Shot,2PT Field Goal,18.4,1.1,FALSE
21500438,Stephen Curry,1,4,10,Floating Jump shot,2PT Field Goal,-0.1,8.5,FALSE
21500438,Stephen Curry,1,3,14,Cutting Layup Shot,2PT Field Goal,0.4,0.7,TRUE
21500438,Stephen Curry,1,2,15,Jump Shot,3PT Field Goal,-20.4,21.3,TRUE
21500438,Stephen Curry,1,0,53,Running Layup Shot,2PT Field Goal,0.2,1.6,FALSE
21500438,Stephen Curry,3,7,7,Driving Finger Roll Layup Shot,2PT Field Goal,-1.2,2.1,TRUE
21500438,Stephen Curry,3,6,15,Pullup Jump shot,2PT Field Goal,6.9,18.3,FALSE
21500438,Stephen Curry,3,5,7,Jump Shot,2PT Field Goal,1.7,2.8,TRUE
21500438,Stephen Curry,3,3,5,Jump Shot,3PT Field Goal,-9.2,24.7,FALSE
21500438,Stephen Curry,4,3,3,Layup Shot,2PT Field Goal,-0.7,2.6,FALSE
21500438,Stephen Curry,4,1,19,Driving Finger Roll Layup Shot,2PT Field Goal,0.4,1.1,TRUE
21500438,Stephen Curry,4,0,57,Driving Finger Roll Layup Shot,2PT Field Goal,0.1,2.1,TRUE
21500438,Stephen Curry,4,0,28,Jump Shot,3PT Field Goal,17.1,20,FALSE
21500468,Stephen Curry,1,11,7,Jump Shot,3PT Field Goal,2.2,25.2,FALSE
21500468,Stephen Curry,1,10,5,Step Back Jump shot,2PT Field Goal,18.6,0.2,FALSE
21500468,Stephen Curry,1,9,28,Jump Shot,3PT Field Goal,-6.1,24.2,FALSE
21500468,Stephen Curry,1,4,13,Jump Shot,3PT Field Goal,-5.2,25.9,FALSE
21500468,Stephen Curry,2,5,27,Pullup Jump shot,3PT Field Goal,20.9,13.4,FALSE
21500468,Stephen Curry,2,4,43,Pullup Jump shot,3PT Field Goal,2.2,25.4,FALSE
21500468,Stephen Curry,2,3,16,Step Back Jump shot,3PT Field Goal,-19.7,16.9,TRUE
21500468,Stephen Curry,2,2,13,Pullup Jump shot,3PT Field Goal,-22.5,-0.1,TRUE
21500468,Stephen Curry,2,1,8,Jump Shot,3PT Field Goal,-5.5,26.2,TRUE
21500468,Stephen Curry,2,0,51,Pullup Jump shot,3PT Field Goal,-2.2,27.7,TRUE
21500468,Stephen Curry,2,0,33,Driving Finger Roll Layup Shot,2PT Field Goal,-0.6,2.6,TRUE
21500468,Stephen Curry,2,0,21,Pullup Jump shot,3PT Field Goal,-11.7,25.7,TRUE
21500468,Stephen Curry,3,10,38,Jump Shot,3PT Field Goal,-16.9,19.3,FALSE
21500468,Stephen Curry,3,7,12,Layup Shot,2PT Field Goal,-1.2,2.6,FALSE
21500468,Stephen Curry,3,4,10,Jump Shot,3PT Field Goal,23.5,2.8,FALSE
21500468,Stephen Curry,3,0,3,Jump Shot,3PT Field Goal,-14.2,22.3,TRUE
21500504,Stephen Curry,1,9,25,Running Finger Roll Layup Shot,2PT Field Goal,-0.7,1.1,TRUE
21500504,Stephen Curry,1,7,28,Jump Shot,3PT Field Goal,23,10,FALSE
21500504,Stephen Curry,1,5,21,Step Back Jump shot,3PT Field Goal,-23.7,4.6,FALSE
21500504,Stephen Curry,2,4,48,Jump Shot,3PT Field Goal,-17.6,21.3,TRUE
21500504,Stephen Curry,2,4,25,Jump Shot,3PT Field Goal,-22.5,12.9,FALSE
21500504,Stephen Curry,2,3,7,Turnaround Jump Shot,3PT Field Goal,-20.4,15.4,FALSE
21500520,Stephen Curry,1,11,19,Jump Shot,3PT Field Goal,-18.6,18,TRUE
21500520,Stephen Curry,1,9,7,Driving Reverse Layup Shot,2PT Field Goal,-0.6,1.1,TRUE
21500520,Stephen Curry,1,8,19,Pullup Jump shot,3PT Field Goal,-20.7,17.5,FALSE
21500520,Stephen Curry,1,7,1,Driving Finger Roll Layup Shot,2PT Field Goal,-1.6,2.3,TRUE
21500520,Stephen Curry,1,6,38,Jump Shot,3PT Field Goal,22.5,-0.1,FALSE
21500520,Stephen Curry,2,7,29,Running Finger Roll Layup Shot,2PT Field Goal,1.2,1.3,TRUE
21500520,Stephen Curry,2,6,55,Pullup Jump shot,3PT Field Goal,1.9,27.2,TRUE
21500520,Stephen Curry,2,1,50,Pullup Jump shot,3PT Field Goal,-3.4,26.7,FALSE
21500520,Stephen Curry,2,0,13,Floating Jump shot,2PT Field Goal,8.9,2.1,TRUE
21500520,Stephen Curry,3,9,40,Jump Bank Shot,2PT Field Goal,-10.6,4.3,FALSE
21500520,Stephen Curry,3,9,6,Pullup Jump shot,2PT Field Goal,16.8,8.5,FALSE
21500520,Stephen Curry,3,7,1,Pullup Jump shot,3PT Field Goal,15.8,21.3,TRUE
21500520,Stephen Curry,3,6,13,Running Finger Roll Layup Shot,2PT Field Goal,1.2,1.6,TRUE
21500520,Stephen Curry,3,5,18,Fadeaway Jump Shot,3PT Field Goal,20.4,13.9,TRUE
21500520,Stephen Curry,4,5,34,Pullup Jump shot,3PT Field Goal,1.2,25.7,TRUE
21500520,Stephen Curry,4,4,53,Floating Jump shot,2PT Field Goal,-9.2,7,TRUE
21500520,Stephen Curry,4,3,4,Pullup Jump shot,3PT Field Goal,18.6,19.8,FALSE
21500520,Stephen Curry,4,2,34,Layup Shot,2PT Field Goal,-1.6,1.1,FALSE
21500520,Stephen Curry,4,1,55,Layup Shot,2PT Field Goal,-2.2,1.3,FALSE
21500520,Stephen Curry,4,1,40,Driving Finger Roll Layup Shot,2PT Field Goal,-0.6,2.6,TRUE
21500520,Stephen Curry,4,0,42,Fadeaway Jump Shot,3PT Field Goal,18.7,18.3,FALSE
21500524,Stephen Curry,1,10,36,Jump Shot,3PT Field Goal,14.3,19.3,FALSE
21500524,Stephen Curry,1,8,7,Finger Roll Layup Shot,2PT Field Goal,0.4,2.6,FALSE
21500524,Stephen Curry,2,8,20,Layup Shot,2PT Field Goal,0.5,2.1,TRUE
21500524,Stephen Curry,2,7,9,Step Back Jump shot,3PT Field Goal,-19.4,17.8,TRUE
21500524,Stephen Curry,2,6,38,Jump Shot,3PT Field Goal,18.6,17.8,FALSE
21500524,Stephen Curry,2,3,42,Layup Shot,2PT Field Goal,0.9,1.6,FALSE
21500524,Stephen Curry,2,2,50,Jump Shot,3PT Field Goal,23.5,-1.5,FALSE
21500524,Stephen Curry,2,0,9,Jump Shot,3PT Field Goal,14.1,21.4,TRUE
21500524,Stephen Curry,3,9,43,Jump Shot,3PT Field Goal,16.4,18.8,FALSE
21500524,Stephen Curry,3,9,10,Jump Shot,2PT Field Goal,-6,-0.6,FALSE
21500524,Stephen Curry,3,7,39,Finger Roll Layup Shot,2PT Field Goal,0.4,2.6,TRUE
21500524,Stephen Curry,3,5,34,Jump Shot,3PT Field Goal,-23.7,-2.1,TRUE
21500548,Stephen Curry,1,11,0,Jump Shot,3PT Field Goal,22.7,0.8,TRUE
21500548,Stephen Curry,1,9,49,Turnaround Bank shot,2PT Field Goal,-8.8,10.5,TRUE
21500548,Stephen Curry,1,8,56,Jump Shot,2PT Field Goal,20.7,0.3,FALSE
21500548,Stephen Curry,1,8,5,Jump Shot,3PT Field Goal,22.7,0.7,FALSE
21500548,Stephen Curry,1,6,56,Jump Shot,3PT Field Goal,-13.5,20.5,FALSE
21500548,Stephen Curry,1,5,34,Running Layup Shot,2PT Field Goal,0.9,0.7,TRUE
21500548,Stephen Curry,1,5,5,Cutting Layup Shot,2PT Field Goal,1.9,0.2,TRUE
21500548,Stephen Curry,2,6,31,Jump Shot,3PT Field Goal,20.4,13.4,FALSE
21500548,Stephen Curry,2,2,15,Driving Layup Shot,2PT Field Goal,1.2,0.7,FALSE
21500548,Stephen Curry,2,0,25,Jump Shot,3PT Field Goal,-15.1,20,FALSE
21500548,Stephen Curry,3,10,27,Jump Shot,3PT Field Goal,-15.3,20.3,FALSE
21500548,Stephen Curry,3,7,11,Layup Shot,2PT Field Goal,-0.7,0.7,TRUE
21500548,Stephen Curry,3,4,36,Jump Shot,3PT Field Goal,6.3,23.7,FALSE
21500548,Stephen Curry,3,3,7,Jump Shot,3PT Field Goal,1.2,24.2,TRUE
21500548,Stephen Curry,3,2,23,Jump Shot,3PT Field Goal,12,21.3,TRUE
21500548,Stephen Curry,3,1,58,Driving Reverse Layup Shot,2PT Field Goal,1.2,0.2,FALSE
21500548,Stephen Curry,3,1,34,Jump Shot,3PT Field Goal,-19.1,18,FALSE
21500548,Stephen Curry,3,0,9,Jump Shot,3PT Field Goal,-18.7,21.4,TRUE
21500556,Stephen Curry,1,9,19,Jump Shot,3PT Field Goal,4.6,24.4,FALSE
21500556,Stephen Curry,1,8,32,Step Back Jump shot,3PT Field Goal,22.5,1.6,TRUE
21500556,Stephen Curry,1,8,5,Jump Shot,3PT Field Goal,22,13.1,FALSE
21500556,Stephen Curry,1,3,42,Jump Shot,3PT Field Goal,-8.4,23.9,FALSE
21500556,Stephen Curry,2,6,48,Fadeaway Jump Shot,3PT Field Goal,-17.6,16.9,TRUE
21500556,Stephen Curry,2,5,24,Jump Shot,2PT Field Goal,0.4,9,TRUE
21500556,Stephen Curry,2,4,59,Jump Shot,2PT Field Goal,9.7,1.1,FALSE
21500556,Stephen Curry,2,4,21,Jump Shot,3PT Field Goal,-4.3,24.9,FALSE
21500556,Stephen Curry,2,3,23,Cutting Layup Shot,2PT Field Goal,2.4,2.1,TRUE
21500556,Stephen Curry,2,2,20,Jump Shot,3PT Field Goal,4.6,27.8,TRUE
21500556,Stephen Curry,2,1,33,Jump Shot,3PT Field Goal,-14.8,22.8,TRUE
21500556,Stephen Curry,2,0,32,Jump Shot,3PT Field Goal,21.3,17.4,FALSE
21500556,Stephen Curry,3,7,1,Jump Shot,2PT Field Goal,-2.4,6.5,FALSE
21500556,Stephen Curry,3,3,5,Step Back Jump shot,3PT Field Goal,-1.9,24.7,FALSE
21500556,Stephen Curry,3,1,54,Jump Shot,3PT Field Goal,-22.5,12,TRUE
21500556,Stephen Curry,4,6,38,Jump Shot,2PT Field Goal,1.2,7,TRUE
21500556,Stephen Curry,4,5,4,Jump Shot,3PT Field Goal,18.9,17.4,TRUE
21500556,Stephen Curry,4,4,40,Jump Shot,2PT Field Goal,3.7,1.1,FALSE
21500556,Stephen Curry,4,4,23,Jump Shot,3PT Field Goal,-23.2,1.6,TRUE
21500556,Stephen Curry,4,0,52,Jump Shot,3PT Field Goal,-20.5,16.9,TRUE
21500556,Stephen Curry,4,0,27,Step Back Jump shot,2PT Field Goal,-2.4,22.4,TRUE
21500568,Stephen Curry,1,9,53,Jump Shot,2PT Field Goal,-0.2,22.3,FALSE
21500568,Stephen Curry,1,9,18,Pullup Jump shot,3PT Field Goal,-23.3,1.1,TRUE
21500568,Stephen Curry,1,8,5,Jump Bank Shot,2PT Field Goal,-0.4,6.5,FALSE
21500568,Stephen Curry,1,6,54,Layup Shot,2PT Field Goal,-0.1,2.1,FALSE
21500568,Stephen Curry,1,5,50,Driving Layup Shot,2PT Field Goal,-0.4,2.1,TRUE
21500568,Stephen Curry,1,5,21,Driving Layup Shot,2PT Field Goal,-0.9,1.3,TRUE
21500568,Stephen Curry,1,3,15,Driving Layup Shot,2PT Field Goal,-0.9,1.6,FALSE
21500568,Stephen Curry,1,0,51,Jump Shot,3PT Field Goal,10.7,24.2,FALSE
21500568,Stephen Curry,1,0,3,Floating Jump shot,2PT Field Goal,-0.7,7.5,TRUE
21500568,Stephen Curry,2,4,44,Jump Shot,2PT Field Goal,-0.2,4.1,FALSE
21500568,Stephen Curry,2,3,57,Pullup Jump shot,2PT Field Goal,6.8,15.4,TRUE
21500568,Stephen Curry,2,2,28,Step Back Jump shot,3PT Field Goal,9.9,22.8,FALSE
21500568,Stephen Curry,2,1,26,Pullup Jump shot,3PT Field Goal,-20.2,18.8,TRUE
21500568,Stephen Curry,2,0,48,Jump Shot,2PT Field Goal,-1.9,4.1,FALSE
21500568,Stephen Curry,3,8,48,Driving Reverse Layup Shot,2PT Field Goal,-0.6,0.8,TRUE
21500568,Stephen Curry,3,7,46,Pullup Jump shot,2PT Field Goal,0.1,14.9,TRUE
21500568,Stephen Curry,3,7,14,Jump Shot,3PT Field Goal,18.6,23.4,FALSE
21500568,Stephen Curry,3,5,43,Jump Shot,3PT Field Goal,16.6,21.3,FALSE
21500568,Stephen Curry,3,5,10,Layup Shot,2PT Field Goal,2.2,1.8,FALSE
21500568,Stephen Curry,3,1,53,Jump Bank Shot,2PT Field Goal,-11.4,6.5,FALSE
21500568,Stephen Curry,3,0,48,Pullup Jump shot,3PT Field Goal,22.7,-1.9,FALSE
21500568,Stephen Curry,4,6,10,Floating Jump shot,2PT Field Goal,-0.6,6.6,FALSE
21500568,Stephen Curry,4,5,10,Pullup Jump shot,3PT Field Goal,22.2,14.9,FALSE
21500568,Stephen Curry,4,4,52,Pullup Jump shot,3PT Field Goal,-14,21.8,TRUE
21500568,Stephen Curry,4,1,42,Pullup Jump shot,2PT Field Goal,12.7,13.4,TRUE
21500568,Stephen Curry,4,0,26,Pullup Jump shot,3PT Field Goal,-11.7,23.2,TRUE
21500583,Stephen Curry,1,10,37,Cutting Finger Roll Layup Shot,2PT Field Goal,-1.7,-0.1,FALSE
21500583,Stephen Curry,1,9,43,Jump Shot,3PT Field Goal,-11.7,23.2,FALSE
21500583,Stephen Curry,1,8,23,Pullup Jump shot,3PT Field Goal,14.3,20.8,TRUE
21500583,Stephen Curry,1,2,29,Driving Finger Roll Layup Shot,2PT Field Goal,0,0.2,FALSE
21500583,Stephen Curry,1,0,46,Jump Shot,3PT Field Goal,18.6,17.8,FALSE
21500583,Stephen Curry,2,5,34,Fadeaway Jump Shot,2PT Field Goal,18.1,4.7,FALSE
21500583,Stephen Curry,2,3,21,Jump Shot,3PT Field Goal,15,20.8,FALSE
21500583,Stephen Curry,2,1,56,Driving Finger Roll Layup Shot,2PT Field Goal,-1.4,0,TRUE
21500583,Stephen Curry,2,1,24,Jump Shot,3PT Field Goal,16.4,21,TRUE
21500583,Stephen Curry,2,0,45,Pullup Jump shot,3PT Field Goal,-8.6,23.7,FALSE
21500583,Stephen Curry,3,8,41,Fadeaway Jump Shot,2PT Field Goal,-14.3,7.5,TRUE
21500583,Stephen Curry,3,7,36,Driving Floating Bank Jump Shot,2PT Field Goal,0.6,4.7,TRUE
21500583,Stephen Curry,3,6,28,Jump Shot,3PT Field Goal,12.8,21.8,FALSE
21500583,Stephen Curry,3,3,3,Jump Shot,3PT Field Goal,13.5,20.8,FALSE
21500583,Stephen Curry,3,0,39,Jump Shot,3PT Field Goal,-10.1,24.7,FALSE
21500583,Stephen Curry,3,0,30,Driving Reverse Layup Shot,2PT Field Goal,0.9,-0.1,TRUE
21500583,Stephen Curry,3,0,1,Driving Layup Shot,2PT Field Goal,0.9,0.3,FALSE
21500583,Stephen Curry,4,7,57,Running Layup Shot,2PT Field Goal,1.9,0.7,FALSE
21500583,Stephen Curry,4,6,2,Driving Reverse Layup Shot,2PT Field Goal,1.7,0.3,TRUE
21500583,Stephen Curry,4,5,13,Jump Shot,3PT Field Goal,-19.6,19.8,TRUE
21500583,Stephen Curry,4,3,38,Driving Finger Roll Layup Shot,2PT Field Goal,-1.2,0.8,TRUE
21500583,Stephen Curry,4,2,40,Driving Finger Roll Layup Shot,2PT Field Goal,-0.7,1.6,TRUE
21500583,Stephen Curry,4,1,44,Fadeaway Jump Shot,3PT Field Goal,15,19,TRUE
21500583,Stephen Curry,4,1,15,Driving Finger Roll Layup Shot,2PT Field Goal,1.9,1.3,TRUE
21500583,Stephen Curry,4,0,37,Pullup Jump shot,3PT Field Goal,-13.8,30.3,TRUE
21500592,Stephen Curry,1,11,45,Driving Finger Roll Layup Shot,2PT Field Goal,0.2,1.6,FALSE
21500592,Stephen Curry,1,9,15,Pullup Jump shot,3PT Field Goal,-20.7,17.8,FALSE
21500592,Stephen Curry,1,7,42,Pullup Jump shot,3PT Field Goal,-0.7,25.9,TRUE
21500592,Stephen Curry,1,6,2,Pullup Jump shot,3PT Field Goal,4.3,26.7,TRUE
21500592,Stephen Curry,1,4,54,Jump Shot,3PT Field Goal,-18.7,19,TRUE
21500592,Stephen Curry,1,4,3,Jump Shot,3PT Field Goal,19.2,17.8,FALSE
21500592,Stephen Curry,2,4,15,Pullup Jump shot,3PT Field Goal,-21.5,15.9,TRUE
21500592,Stephen Curry,2,1,10,Pullup Jump shot,3PT Field Goal,-9.9,24.2,TRUE
21500592,Stephen Curry,2,0,26,Jump Shot,3PT Field Goal,-19.7,15.9,FALSE
21500592,Stephen Curry,2,0,20,Jump Shot,3PT Field Goal,-23.5,4.7,FALSE
21500592,Stephen Curry,3,8,19,Pullup Jump shot,3PT Field Goal,19.7,14.4,TRUE
21500592,Stephen Curry,3,6,44,Jump Shot,3PT Field Goal,18.4,16.4,FALSE
21500592,Stephen Curry,3,5,29,Pullup Jump shot,3PT Field Goal,14.5,22.3,TRUE
21500592,Stephen Curry,3,4,22,Pullup Jump shot,3PT Field Goal,-23.8,5.6,TRUE
21500592,Stephen Curry,3,3,50,Jump Shot,3PT Field Goal,16.9,19,FALSE
21500592,Stephen Curry,3,0,43,Running Dunk Shot,2PT Field Goal,0,0.1,TRUE
21500592,Stephen Curry,3,0,29,Jump Shot,3PT Field Goal,17.6,24.7,FALSE
21500605,Stephen Curry,1,11,43,Jump Shot,3PT Field Goal,-15.8,20.8,FALSE
21500605,Stephen Curry,1,10,16,Jump Shot,3PT Field Goal,11.5,23.9,FALSE
21500605,Stephen Curry,1,8,30,Jump Shot,2PT Field Goal,-4,15.1,TRUE
21500605,Stephen Curry,1,4,49,Driving Finger Roll Layup Shot,2PT Field Goal,-0.9,-0.6,TRUE
21500605,Stephen Curry,1,3,44,Jump Shot,3PT Field Goal,-9.7,28.2,TRUE
21500605,Stephen Curry,1,1,45,Jump Shot,3PT Field Goal,-16.3,21.3,TRUE
21500605,Stephen Curry,2,6,38,Jump Shot,3PT Field Goal,-6,26.9,FALSE
21500605,Stephen Curry,2,5,30,Jump Shot,2PT Field Goal,-14.7,6.7,TRUE
21500605,Stephen Curry,2,5,0,Jump Shot,3PT Field Goal,-19.1,19.8,FALSE
21500605,Stephen Curry,2,1,58,Driving Layup Shot,2PT Field Goal,-0.1,0.2,TRUE
21500605,Stephen Curry,2,1,33,Jump Shot,3PT Field Goal,7.1,26.7,FALSE
21500605,Stephen Curry,2,0,46,Jump Shot,2PT Field Goal,6.4,2.6,FALSE
21500605,Stephen Curry,3,10,55,Jump Shot,2PT Field Goal,8.2,13.4,FALSE
21500605,Stephen Curry,3,10,31,Layup Shot,2PT Field Goal,-0.2,-0.1,TRUE
21500605,Stephen Curry,3,9,49,Jump Shot,2PT Field Goal,14.3,11,FALSE
21500605,Stephen Curry,3,8,21,Jump Shot,2PT Field Goal,-0.2,6.2,FALSE
21500605,Stephen Curry,3,7,5,Jump Shot,3PT Field Goal,21.3,14.1,TRUE
21500605,Stephen Curry,3,6,17,Jump Shot,3PT Field Goal,-15.1,21.3,TRUE
21500605,Stephen Curry,3,3,57,Jump Shot,3PT Field Goal,-11.4,23.4,TRUE
21500605,Stephen Curry,3,3,18,Jump Shot,3PT Field Goal,8.9,24.2,FALSE
21500605,Stephen Curry,3,1,30,Jump Shot,3PT Field Goal,12.5,23.4,TRUE
21500605,Stephen Curry,3,0,31,Jump Shot,3PT Field Goal,-23.8,4.1,FALSE
21500605,Stephen Curry,3,0,1,Floating Jump shot,2PT Field Goal,6.1,3.6,FALSE
21500605,Stephen Curry,4,6,31,Jump Shot,3PT Field Goal,9.4,25.2,TRUE
21500605,Stephen Curry,4,6,1,Step Back Jump shot,2PT Field Goal,-7.3,14.1,TRUE
21500605,Stephen Curry,4,3,15,Jump Shot,3PT Field Goal,23.3,10,FALSE
21500622,Stephen Curry,1,11,3,Jump Shot,3PT Field Goal,-12.5,25.4,TRUE
21500622,Stephen Curry,1,9,49,Running Layup Shot,2PT Field Goal,-1.6,-0.1,TRUE
21500622,Stephen Curry,1,6,46,Step Back Jump shot,3PT Field Goal,-19.1,16,FALSE
21500622,Stephen Curry,1,5,49,Jump Shot,3PT Field Goal,21,11.5,TRUE
21500622,Stephen Curry,1,1,58,Cutting Layup Shot,2PT Field Goal,-0.7,-1,TRUE
21500622,Stephen Curry,1,1,18,Jump Shot,3PT Field Goal,-5,26.7,TRUE
21500622,Stephen Curry,1,0,58,Jump Shot,3PT Field Goal,21.3,11.5,TRUE
21500622,Stephen Curry,2,5,26,Cutting Layup Shot,2PT Field Goal,-0.9,0.2,TRUE
21500622,Stephen Curry,2,4,52,Driving Bank shot,2PT Field Goal,-0.9,4.1,FALSE
21500622,Stephen Curry,2,4,32,Running Layup Shot,2PT Field Goal,0.2,-0.6,TRUE
21500622,Stephen Curry,3,10,33,Jump Shot,3PT Field Goal,13.3,20.3,TRUE
21500622,Stephen Curry,3,9,42,Jump Shot,3PT Field Goal,-21.7,13.4,FALSE
21500622,Stephen Curry,3,6,58,Jump Shot,3PT Field Goal,-21.5,15.1,FALSE
21500622,Stephen Curry,3,5,4,Jump Shot,3PT Field Goal,-24.5,1.3,TRUE
21500622,Stephen Curry,3,4,33,Jump Shot,3PT Field Goal,-13.2,25.7,FALSE
21500622,Stephen Curry,3,4,9,Reverse Layup Shot,2PT Field Goal,-0.7,0.2,TRUE
21500622,Stephen Curry,3,0,41,Jump Shot,3PT Field Goal,6.3,24.9,TRUE
21500622,Stephen Curry,3,0,11,Jump Shot,3PT Field Goal,9.1,23.4,FALSE
21500634,Stephen Curry,1,10,54,Jump Shot,3PT Field Goal,-14.2,21,FALSE
21500634,Stephen Curry,1,8,42,Jump Shot,3PT Field Goal,4.3,23.7,TRUE
21500634,Stephen Curry,1,7,57,Jump Shot,3PT Field Goal,9.2,23.2,FALSE
21500634,Stephen Curry,1,6,45,Reverse Layup Shot,2PT Field Goal,-1.9,0.2,FALSE
21500634,Stephen Curry,1,6,12,Cutting Finger Roll Layup Shot,2PT Field Goal,-0.6,0.2,TRUE
21500634,Stephen Curry,1,5,24,Step Back Jump shot,2PT Field Goal,-9.9,15.9,TRUE
21500634,Stephen Curry,1,1,22,Jump Shot,2PT Field Goal,-19.6,11.1,TRUE
21500634,Stephen Curry,1,0,43,Jump Shot,3PT Field Goal,-15.6,20.3,FALSE
21500634,Stephen Curry,2,0,38,Jump Shot,2PT Field Goal,10.9,18,FALSE
21500634,Stephen Curry,3,9,5,Driving Bank shot,2PT Field Goal,11.2,3.8,FALSE
21500634,Stephen Curry,3,8,4,Driving Layup Shot,2PT Field Goal,-2,0.4,FALSE
21500634,Stephen Curry,3,8,1,Turnaround Jump Shot,2PT Field Goal,-8.6,0,TRUE
21500634,Stephen Curry,3,6,35,Jump Shot,3PT Field Goal,-12,23.2,FALSE
21500634,Stephen Curry,3,3,57,Jump Shot,3PT Field Goal,1.7,24.9,FALSE
21500634,Stephen Curry,3,2,56,Jump Shot,3PT Field Goal,13.7,20.3,TRUE
21500634,Stephen Curry,3,0,9,Driving Dunk Shot,2PT Field Goal,0,0.1,TRUE
21500634,Stephen Curry,4,5,54,Jump Shot,3PT Field Goal,4,25.2,TRUE
21500634,Stephen Curry,4,5,14,Jump Shot,3PT Field Goal,17.3,18.3,FALSE
21500652,Stephen Curry,1,10,37,Jump Shot,3PT Field Goal,11.4,21.3,TRUE
21500652,Stephen Curry,1,9,42,Jump Shot,3PT Field Goal,13.7,23.2,FALSE
21500652,Stephen Curry,1,6,23,Jump Shot,3PT Field Goal,-1.6,25.9,TRUE
21500652,Stephen Curry,1,3,44,Jump Shot,2PT Field Goal,-15.1,12.9,FALSE
21500652,Stephen Curry,1,1,57,Jump Shot,3PT Field Goal,9.7,23.7,FALSE
21500652,Stephen Curry,2,4,48,Jump Shot,3PT Field Goal,12.7,21,FALSE
21500652,Stephen Curry,2,0,28,Jump Shot,3PT Field Goal,9.9,26.9,TRUE
21500652,Stephen Curry,3,8,13,Jump Shot,3PT Field Goal,8.4,23.2,FALSE
21500652,Stephen Curry,3,7,58,Jump Shot,3PT Field Goal,10.5,22.8,TRUE
21500652,Stephen Curry,3,6,59,Jump Shot,3PT Field Goal,22.8,4.1,FALSE
21500652,Stephen Curry,3,6,26,Jump Shot,3PT Field Goal,-22.8,1.8,TRUE
21500652,Stephen Curry,3,5,49,Jump Shot,3PT Field Goal,8.2,25.4,FALSE
21500652,Stephen Curry,3,0,42,Jump Shot,3PT Field Goal,-15.3,22.9,FALSE
21500652,Stephen Curry,4,6,32,Cutting Layup Shot,2PT Field Goal,2,0.7,TRUE
21500652,Stephen Curry,4,5,31,Floating Jump shot,2PT Field Goal,0.1,13.1,TRUE
21500652,Stephen Curry,4,4,16,Jump Shot,3PT Field Goal,11.4,22.8,TRUE
21500652,Stephen Curry,4,3,26,Jump Shot,3PT Field Goal,-23.3,1.8,TRUE
21500652,Stephen Curry,4,2,26,Driving Layup Shot,2PT Field Goal,0.1,1.3,TRUE
21500675,Stephen Curry,1,11,3,Jump Shot,3PT Field Goal,-23.8,3.1,FALSE
21500675,Stephen Curry,1,8,51,Pullup Jump shot,3PT Field Goal,4,27.7,TRUE
21500675,Stephen Curry,1,7,55,Driving Layup Shot,2PT Field Goal,0,1.1,TRUE
21500675,Stephen Curry,1,7,23,Fadeaway Jump Shot,3PT Field Goal,-16.9,20.5,TRUE
21500675,Stephen Curry,1,6,22,Cutting Layup Shot,2PT Field Goal,-0.1,2.6,FALSE
21500675,Stephen Curry,1,2,39,Jump Shot,2PT Field Goal,1.7,4.1,FALSE
21500675,Stephen Curry,1,1,31,Pullup Jump shot,3PT Field Goal,22.7,3.3,TRUE
21500675,Stephen Curry,1,0,3,Driving Finger Roll Layup Shot,2PT Field Goal,0.2,2.6,TRUE
21500675,Stephen Curry,2,5,0,Floating Jump shot,2PT Field Goal,-2.5,9.7,TRUE
21500675,Stephen Curry,2,2,49,Step Back Jump shot,2PT Field Goal,18.1,11,TRUE
21500675,Stephen Curry,2,2,17,Layup Shot,2PT Field Goal,-2,0.9,FALSE
21500675,Stephen Curry,3,8,51,Floating Jump shot,2PT Field Goal,0.2,12.4,TRUE
21500675,Stephen Curry,3,8,20,Pullup Jump shot,3PT Field Goal,1.4,25.7,TRUE
21500675,Stephen Curry,3,7,55,Pullup Jump shot,3PT Field Goal,-4,27.3,TRUE
21500675,Stephen Curry,3,7,24,Jump Shot,3PT Field Goal,8.9,23.9,FALSE
21500675,Stephen Curry,3,6,31,Running Layup Shot,2PT Field Goal,-1.1,1.6,FALSE
21500675,Stephen Curry,3,4,42,Driving Floating Bank Jump Shot,2PT Field Goal,2.4,3.1,TRUE
21500675,Stephen Curry,3,2,9,Pullup Jump shot,3PT Field Goal,-12.4,25.9,FALSE
21500675,Stephen Curry,3,1,21,Jump Shot,2PT Field Goal,2.5,3.1,FALSE
21500675,Stephen Curry,3,1,14,Pullup Jump shot,3PT Field Goal,23,-0.1,TRUE
21500691,Stephen Curry,1,10,45,Fadeaway Jump Shot,2PT Field Goal,10.1,16.5,FALSE
21500691,Stephen Curry,1,10,14,Jump Shot,3PT Field Goal,-10.9,26.7,FALSE
21500691,Stephen Curry,1,5,54,Jump Shot,3PT Field Goal,-22.7,5.1,FALSE
21500691,Stephen Curry,1,4,45,Jump Shot,3PT Field Goal,-23.3,2.3,FALSE
21500691,Stephen Curry,2,5,29,Driving Finger Roll Layup Shot,2PT Field Goal,1,1.6,TRUE
21500691,Stephen Curry,2,4,16,Jump Shot,2PT Field Goal,10.9,13.1,FALSE
21500691,Stephen Curry,2,3,44,Pullup Jump shot,3PT Field Goal,-23.7,0.3,FALSE
21500691,Stephen Curry,2,0,2,Fadeaway Jump Shot,2PT Field Goal,10.9,18,FALSE
21500691,Stephen Curry,3,10,2,Jump Shot,3PT Field Goal,18.6,16.9,TRUE
21500691,Stephen Curry,3,7,9,Pullup Jump shot,3PT Field Goal,2.2,26.2,TRUE
21500691,Stephen Curry,3,6,47,Pullup Jump shot,3PT Field Goal,15.3,24.2,TRUE
21500707,Stephen Curry,1,11,35,Jump Shot,2PT Field Goal,-9.4,4.6,FALSE
21500707,Stephen Curry,1,9,18,Jump Shot,3PT Field Goal,23.2,9,FALSE
21500707,Stephen Curry,1,8,31,Jump Shot,3PT Field Goal,-23.5,1.4,FALSE
21500707,Stephen Curry,1,6,8,Jump Shot,3PT Field Goal,-17.8,17.4,TRUE
21500707,Stephen Curry,1,2,56,Driving Bank shot,2PT Field Goal,4.2,-0.6,TRUE
21500707,Stephen Curry,1,1,52,Jump Shot,3PT Field Goal,-23.7,3.1,TRUE
21500707,Stephen Curry,1,0,26,Jump Shot,3PT Field Goal,4.8,25.2,FALSE
21500707,Stephen Curry,2,0,55,Pullup Jump shot,3PT Field Goal,-8.4,23.9,TRUE
21500707,Stephen Curry,2,0,2,Running Reverse Layup Shot,2PT Field Goal,-1.4,-1.1,TRUE
21500707,Stephen Curry,3,7,22,Cutting Finger Roll Layup Shot,2PT Field Goal,0.4,2.6,TRUE
21500707,Stephen Curry,3,5,40,Jump Shot,3PT Field Goal,1,26.9,FALSE
21500707,Stephen Curry,3,4,46,Jump Shot,3PT Field Goal,-0.2,25.9,FALSE
21500707,Stephen Curry,4,8,7,Step Back Jump shot,3PT Field Goal,-1.6,25.7,TRUE
21500707,Stephen Curry,4,7,2,Layup Shot,2PT Field Goal,-1.9,-1.1,FALSE
21500707,Stephen Curry,4,7,0,Tip Layup Shot,2PT Field Goal,-1,0.5,FALSE
21500707,Stephen Curry,4,4,25,Running Jump Shot,2PT Field Goal,5,4.1,FALSE
21500707,Stephen Curry,4,3,45,Jump Shot,3PT Field Goal,-7.3,24.2,TRUE
21500707,Stephen Curry,4,3,10,Jump Shot,3PT Field Goal,1,27.8,FALSE
21500707,Stephen Curry,4,0,46,Driving Reverse Layup Shot,2PT Field Goal,0.6,0,TRUE
21500718,Stephen Curry,1,11,42,Jump Shot,3PT Field Goal,11.9,25.2,FALSE
21500718,Stephen Curry,1,10,27,Jump Shot,3PT Field Goal,-15,20,FALSE
21500718,Stephen Curry,1,9,48,Jump Shot,2PT Field Goal,-5.5,17.8,FALSE
21500718,Stephen Curry,1,9,19,Cutting Finger Roll Layup Shot,2PT Field Goal,0.2,1.1,TRUE
21500718,Stephen Curry,1,6,27,Jump Shot,3PT Field Goal,-23.8,5.1,FALSE
21500718,Stephen Curry,1,6,23,Jump Shot,3PT Field Goal,-23.2,-1.9,FALSE
21500718,Stephen Curry,1,2,59,Jump Shot,3PT Field Goal,-10.6,21.4,TRUE
21500718,Stephen Curry,1,0,30,Jump Shot,3PT Field Goal,9.1,24.7,TRUE
21500718,Stephen Curry,1,0,1,Jump Shot,2PT Field Goal,-4.5,3.3,FALSE
21500718,Stephen Curry,3,10,50,Jump Shot,3PT Field Goal,-13.3,20.3,FALSE
21500718,Stephen Curry,3,10,29,Jump Shot,2PT Field Goal,-9.4,8.2,TRUE
21500718,Stephen Curry,3,7,36,Layup Shot,2PT Field Goal,-2.4,1.3,FALSE
21500718,Stephen Curry,3,6,22,Jump Shot,3PT Field Goal,10.9,22.8,FALSE
21500718,Stephen Curry,3,5,10,Layup Shot,2PT Field Goal,-0.7,0,FALSE
21500718,Stephen Curry,3,4,18,Jump Shot,3PT Field Goal,-13.7,20.3,FALSE
21500718,Stephen Curry,4,7,29,Jump Shot,3PT Field Goal,-16.8,21.8,TRUE
21500718,Stephen Curry,4,5,48,Jump Shot,3PT Field Goal,4.3,25.7,FALSE
21500739,Stephen Curry,1,9,8,Jump Shot,3PT Field Goal,15.1,21.8,TRUE
21500739,Stephen Curry,1,7,59,Step Back Jump shot,3PT Field Goal,-21.9,12.4,TRUE
21500739,Stephen Curry,1,7,36,Pullup Jump shot,3PT Field Goal,19.5,19.8,TRUE
21500739,Stephen Curry,1,6,28,Jump Shot,3PT Field Goal,-12.2,22.8,TRUE
21500739,Stephen Curry,1,5,48,Cutting Layup Shot,2PT Field Goal,0.9,-1.6,TRUE
21500739,Stephen Curry,1,5,27,Pullup Jump shot,3PT Field Goal,-4.8,23.9,TRUE
21500739,Stephen Curry,1,4,58,Jump Shot,3PT Field Goal,-23.3,0.3,FALSE
21500739,Stephen Curry,1,3,9,Pullup Jump shot,3PT Field Goal,-14.8,20.5,TRUE
21500739,Stephen Curry,1,2,39,Fadeaway Jump Shot,3PT Field Goal,-1.6,25.2,TRUE
21500739,Stephen Curry,1,0,2,Pullup Jump shot,2PT Field Goal,11.2,17.4,TRUE
21500739,Stephen Curry,2,5,11,Finger Roll Layup Shot,2PT Field Goal,-0.7,0,TRUE
21500739,Stephen Curry,2,4,28,Layup Shot,2PT Field Goal,0.4,-1.6,TRUE
21500739,Stephen Curry,2,3,15,Driving Finger Roll Layup Shot,2PT Field Goal,-0.1,0.3,TRUE
21500739,Stephen Curry,2,0,29,Jump Shot,3PT Field Goal,15.1,21.8,TRUE
21500739,Stephen Curry,3,9,9,Jump Shot,2PT Field Goal,14.2,17.6,FALSE
21500739,Stephen Curry,3,6,33,Layup Shot,2PT Field Goal,-1.6,1.3,FALSE
21500739,Stephen Curry,3,4,57,Floating Jump shot,2PT Field Goal,1.4,9.5,TRUE
21500739,Stephen Curry,3,4,28,Jump Shot,2PT Field Goal,6.8,12.1,FALSE
21500739,Stephen Curry,3,4,7,Jump Shot,3PT Field Goal,12.2,22.9,FALSE
21500739,Stephen Curry,3,2,48,Jump Shot,3PT Field Goal,-20.9,16.9,TRUE
21500739,Stephen Curry,3,2,9,Jump Shot,3PT Field Goal,20.7,20.3,TRUE
21500739,Stephen Curry,3,1,39,Layup Shot,2PT Field Goal,-0.9,-0.1,FALSE
21500739,Stephen Curry,3,1,16,Jump Shot,3PT Field Goal,12.2,25.7,FALSE
21500739,Stephen Curry,3,1,12,Jump Shot,2PT Field Goal,11.9,2.6,FALSE
21500739,Stephen Curry,4,6,22,Jump Shot,3PT Field Goal,-14.3,22.9,FALSE
21500739,Stephen Curry,4,4,22,Jump Shot,3PT Field Goal,-21.2,18.8,TRUE
21500739,Stephen Curry,4,2,53,Driving Layup Shot,2PT Field Goal,-0.4,0.2,TRUE
21500739,Stephen Curry,4,2,35,Layup Shot,2PT Field Goal,-2.4,0,TRUE
21500769,Stephen Curry,1,10,34,Turnaround Jump Shot,3PT Field Goal,-18.6,17.5,FALSE
21500769,Stephen Curry,1,8,17,Pullup Jump shot,2PT Field Goal,12.8,11.5,FALSE
21500769,Stephen Curry,1,7,5,Pullup Jump shot,3PT Field Goal,-17.8,26.2,FALSE
21500769,Stephen Curry,1,5,34,Pullup Jump shot,3PT Field Goal,3.2,25.7,TRUE
21500769,Stephen Curry,1,3,22,Driving Layup Shot,2PT Field Goal,0,2.1,TRUE
21500769,Stephen Curry,1,2,31,Running Layup Shot,2PT Field Goal,1.2,2.1,FALSE
21500769,Stephen Curry,1,1,34,Jump Shot,3PT Field Goal,7.4,24.2,FALSE
21500769,Stephen Curry,2,2,23,Jump Shot,3PT Field Goal,-1.2,25.7,FALSE
21500769,Stephen Curry,2,1,2,Pullup Jump shot,2PT Field Goal,-0.5,21.7,TRUE
21500769,Stephen Curry,2,0,5,Step Back Jump shot,2PT Field Goal,-14.2,9,TRUE
21500769,Stephen Curry,3,10,43,Jump Shot,2PT Field Goal,2.7,16.5,FALSE
21500769,Stephen Curry,3,7,59,Running Reverse Layup Shot,2PT Field Goal,-0.7,1.1,TRUE
21500769,Stephen Curry,3,7,13,Jump Shot,2PT Field Goal,-6.3,7.7,FALSE
21500769,Stephen Curry,3,6,58,Driving Finger Roll Layup Shot,2PT Field Goal,0.4,1.6,TRUE
21500769,Stephen Curry,3,3,59,Jump Shot,3PT Field Goal,11,23.2,FALSE
21500769,Stephen Curry,3,1,34,Driving Layup Shot,2PT Field Goal,-1.1,0.2,FALSE
21500769,Stephen Curry,3,0,47,Driving Bank shot,2PT Field Goal,-0.4,3.8,TRUE
21500769,Stephen Curry,3,0,12,Pullup Jump shot,3PT Field Goal,-9.6,23.2,FALSE
21500769,Stephen Curry,4,6,40,Driving Reverse Layup Shot,2PT Field Goal,-0.4,1.1,FALSE
21500769,Stephen Curry,4,6,20,Driving Bank shot,2PT Field Goal,-2.5,2.6,FALSE
21500769,Stephen Curry,4,4,40,Jump Shot,3PT Field Goal,-9.6,23.7,FALSE
21500769,Stephen Curry,4,4,10,Jump Shot,2PT Field Goal,-0.6,8.5,FALSE
21500769,Stephen Curry,4,2,24,Driving Layup Shot,2PT Field Goal,1.4,1.1,TRUE
21500769,Stephen Curry,4,1,20,Pullup Jump shot,3PT Field Goal,18.6,20.3,FALSE
21500769,Stephen Curry,4,0,54,Layup Shot,2PT Field Goal,-0.7,2.8,TRUE
21500769,Stephen Curry,4,0,33,Pullup Jump shot,2PT Field Goal,13.3,11.1,TRUE
21500788,Stephen Curry,1,10,16,Pullup Jump shot,3PT Field Goal,-15.6,25.9,TRUE
21500788,Stephen Curry,1,9,59,Running Finger Roll Layup Shot,2PT Field Goal,1.2,1.6,TRUE
21500788,Stephen Curry,1,8,7,Driving Layup Shot,2PT Field Goal,0.2,1.1,TRUE
21500788,Stephen Curry,1,3,59,Pullup Jump shot,3PT Field Goal,-18.4,17.4,TRUE
21500788,Stephen Curry,1,3,33,Jump Shot,3PT Field Goal,-7,24.2,TRUE
21500788,Stephen Curry,1,3,2,Jump Shot,3PT Field Goal,-22.8,0.2,TRUE
21500788,Stephen Curry,1,1,20,Pullup Jump shot,3PT Field Goal,-20.9,17,TRUE
21500788,Stephen Curry,1,0,3,Jump Shot,3PT Field Goal,13.7,26.4,FALSE
21500788,Stephen Curry,2,6,6,Layup Shot,2PT Field Goal,1.2,1.6,FALSE
21500788,Stephen Curry,2,2,46,Pullup Jump shot,3PT Field Goal,-2.4,31.1,TRUE
21500788,Stephen Curry,2,2,11,Floating Jump shot,2PT Field Goal,0.9,5.2,FALSE
21500788,Stephen Curry,2,0,46,Driving Reverse Layup Shot,2PT Field Goal,-2,0.3,TRUE
21500788,Stephen Curry,3,11,30,Jump Shot,3PT Field Goal,-3,25.4,FALSE
21500788,Stephen Curry,3,9,54,Pullup Jump shot,3PT Field Goal,-24,0.7,FALSE
21500788,Stephen Curry,3,9,23,Driving Reverse Layup Shot,2PT Field Goal,0,1.6,TRUE
21500788,Stephen Curry,3,8,40,Jump Shot,3PT Field Goal,5.5,25.2,FALSE
21500788,Stephen Curry,3,7,58,Running Reverse Layup Shot,2PT Field Goal,2.2,1.6,TRUE
21500788,Stephen Curry,3,7,12,Jump Shot,3PT Field Goal,19.1,17,FALSE
21500788,Stephen Curry,3,2,2,Pullup Jump shot,3PT Field Goal,-4.5,26.2,TRUE
21500788,Stephen Curry,3,1,29,Jump Shot,3PT Field Goal,-9.9,24.9,FALSE
21500788,Stephen Curry,4,6,23,Jump Shot,3PT Field Goal,21,16.9,FALSE
21500788,Stephen Curry,4,4,38,Floating Jump shot,2PT Field Goal,8.7,6.7,FALSE
21500788,Stephen Curry,4,3,30,Jump Shot,3PT Field Goal,20.7,16.9,FALSE
21500788,Stephen Curry,4,1,22,Pullup Jump shot,3PT Field Goal,1,25.2,FALSE
21500799,Stephen Curry,1,11,22,Jump Shot,2PT Field Goal,12.7,-0.1,TRUE
21500799,Stephen Curry,1,10,16,Jump Shot,3PT Field Goal,23.8,2.6,TRUE
21500799,Stephen Curry,1,6,13,Jump Shot,3PT Field Goal,14.1,20.5,FALSE
21500799,Stephen Curry,1,5,47,Turnaround Bank shot,2PT Field Goal,-6.8,3.6,TRUE
21500799,Stephen Curry,1,5,9,Jump Bank Shot,3PT Field Goal,-23.8,3.3,TRUE
21500799,Stephen Curry,1,4,2,Pullup Jump shot,3PT Field Goal,-1.7,24.2,FALSE
21500799,Stephen Curry,2,3,29,Step Back Jump shot,3PT Field Goal,11.9,26.4,TRUE
21500799,Stephen Curry,2,3,3,Jump Shot,3PT Field Goal,17.4,23.4,TRUE
21500799,Stephen Curry,2,2,41,Jump Shot,3PT Field Goal,13.7,23.2,FALSE
21500799,Stephen Curry,2,1,42,Hook Shot,2PT Field Goal,1.4,4.6,FALSE
21500799,Stephen Curry,3,8,42,Pullup Jump shot,3PT Field Goal,0,25.2,FALSE
21500799,Stephen Curry,3,8,21,Jump Shot,3PT Field Goal,21.7,10.5,TRUE
21500799,Stephen Curry,3,6,38,Jump Shot,3PT Field Goal,-23,10.5,FALSE
21500799,Stephen Curry,3,4,26,Driving Finger Roll Layup Shot,2PT Field Goal,0,-0.1,TRUE
21500799,Stephen Curry,3,2,12,Floating Jump shot,2PT Field Goal,-0.6,4.9,FALSE
21500799,Stephen Curry,3,2,8,Putback Layup Shot,2PT Field Goal,-0.7,2.3,FALSE
21500799,Stephen Curry,3,1,29,Driving Layup Shot,2PT Field Goal,0.6,-0.1,TRUE
21500815,Stephen Curry,1,10,50,Running Layup Shot,2PT Field Goal,1.9,0.2,TRUE
21500815,Stephen Curry,1,9,41,Jump Shot,3PT Field Goal,-9.6,22.3,TRUE
21500815,Stephen Curry,1,8,56,Jump Shot,3PT Field Goal,-8.9,24.2,FALSE
21500815,Stephen Curry,1,8,5,Jump Shot,3PT Field Goal,-11,21.8,TRUE
21500815,Stephen Curry,1,7,6,Jump Shot,3PT Field Goal,-23.5,3.3,FALSE
21500815,Stephen Curry,1,6,48,Jump Shot,3PT Field Goal,-22.7,0.7,TRUE
21500815,Stephen Curry,1,5,17,Cutting Layup Shot,2PT Field Goal,-2.7,0.2,TRUE
21500815,Stephen Curry,1,4,33,Jump Shot,3PT Field Goal,-6.1,23.7,FALSE
21500815,Stephen Curry,1,3,39,Driving Layup Shot,2PT Field Goal,2.5,-0.1,FALSE
21500815,Stephen Curry,1,2,29,Floating Jump shot,2PT Field Goal,1,4.1,FALSE
21500815,Stephen Curry,1,1,53,Jump Shot,3PT Field Goal,-15.5,18.5,TRUE
21500815,Stephen Curry,1,0,52,Pullup Jump shot,2PT Field Goal,11,13.1,FALSE
21500815,Stephen Curry,1,0,14,Pullup Jump shot,2PT Field Goal,-0.1,15.4,FALSE
21500815,Stephen Curry,2,3,55,Floating Jump shot,2PT Field Goal,0.9,4.1,FALSE
21500815,Stephen Curry,2,3,30,Driving Layup Shot,2PT Field Goal,1.7,0.2,TRUE
21500815,Stephen Curry,2,2,9,Pullup Jump shot,3PT Field Goal,15.3,19.3,TRUE
21500815,Stephen Curry,2,1,0,Pullup Jump shot,3PT Field Goal,13.5,22.8,TRUE
21500815,Stephen Curry,3,10,36,Pullup Jump shot,3PT Field Goal,19.5,14.9,FALSE
21500815,Stephen Curry,3,8,44,Jump Shot,3PT Field Goal,-12.7,21,TRUE
21500815,Stephen Curry,3,6,16,Pullup Jump shot,2PT Field Goal,2.5,22.4,TRUE
21500815,Stephen Curry,3,4,47,Jump Shot,3PT Field Goal,6.9,23.4,FALSE
21500815,Stephen Curry,3,4,26,Driving Layup Shot,2PT Field Goal,-1.7,0.7,TRUE
21500815,Stephen Curry,3,3,13,Jump Shot,3PT Field Goal,-19.6,17.8,FALSE
21500822,Stephen Curry,1,9,27,Pullup Jump shot,3PT Field Goal,7.4,25.2,TRUE
21500822,Stephen Curry,1,8,34,Layup Shot,2PT Field Goal,1.4,2.3,FALSE
21500822,Stephen Curry,1,7,6,Layup Shot,2PT Field Goal,2,0.8,TRUE
21500822,Stephen Curry,1,6,11,Cutting Finger Roll Layup Shot,2PT Field Goal,0.9,1.6,TRUE
21500822,Stephen Curry,1,5,26,Layup Shot,2PT Field Goal,1,2.1,FALSE
21500822,Stephen Curry,2,10,31,Jump Shot,3PT Field Goal,6.3,24.7,FALSE
21500822,Stephen Curry,2,9,39,Step Back Jump shot,2PT Field Goal,8.2,13.4,FALSE
21500822,Stephen Curry,2,0,42,Jump Shot,3PT Field Goal,-6.8,26.2,FALSE
21500822,Stephen Curry,3,11,45,Jump Shot,2PT Field Goal,-19.9,-1.1,FALSE
21500822,Stephen Curry,3,7,59,Finger Roll Layup Shot,2PT Field Goal,1,1.8,FALSE
21500822,Stephen Curry,3,4,49,Jump Shot,3PT Field Goal,15.1,20.3,FALSE
21500822,Stephen Curry,3,1,19,Pullup Jump shot,3PT Field Goal,-12,23.7,TRUE
21500822,Stephen Curry,4,2,57,Jump Shot,3PT Field Goal,17.7,18.8,TRUE
21500822,Stephen Curry,4,2,33,Jump Shot,3PT Field Goal,-8.4,24.9,FALSE
21500822,Stephen Curry,4,1,54,Jump Shot,3PT Field Goal,-3,25.9,FALSE
21500836,Stephen Curry,1,10,22,Running Pull-Up Jump Shot,3PT Field Goal,-20.2,14.4,TRUE
21500836,Stephen Curry,1,10,6,Running Pull-Up Jump Shot,3PT Field Goal,-14.8,20.8,FALSE
21500836,Stephen Curry,1,6,40,Jump Shot,3PT Field Goal,3.8,24.2,TRUE
21500836,Stephen Curry,1,4,1,Pullup Jump shot,2PT Field Goal,-1.1,4.1,TRUE
21500836,Stephen Curry,1,0,34,Running Layup Shot,2PT Field Goal,0.9,-0.6,TRUE
21500836,Stephen Curry,2,2,16,Pullup Jump shot,3PT Field Goal,22.8,8.5,TRUE
21500836,Stephen Curry,2,2,0,Pullup Jump shot,3PT Field Goal,7.3,22.9,TRUE
21500836,Stephen Curry,2,0,27,Layup Shot,2PT Field Goal,0.9,2.1,FALSE
21500836,Stephen Curry,2,0,1,Fadeaway Jump Shot,2PT Field Goal,20.2,7.2,TRUE
21500836,Stephen Curry,3,8,52,Jump Shot,3PT Field Goal,-16,19.3,FALSE
21500836,Stephen Curry,3,8,18,Driving Reverse Layup Shot,2PT Field Goal,1,-0.1,TRUE
21500836,Stephen Curry,3,7,23,Step Back Jump shot,3PT Field Goal,12,21.3,FALSE
21500836,Stephen Curry,3,6,56,Driving Finger Roll Layup Shot,2PT Field Goal,0.2,-0.1,TRUE
21500836,Stephen Curry,3,4,46,Jump Shot,3PT Field Goal,-14,20.5,FALSE
21500836,Stephen Curry,3,4,2,Jump Shot,2PT Field Goal,-9.7,4.1,TRUE
21500836,Stephen Curry,3,1,46,Cutting Layup Shot,2PT Field Goal,-0.6,0.7,TRUE
21500836,Stephen Curry,3,1,20,Step Back Jump shot,2PT Field Goal,20.7,4.1,FALSE
21500836,Stephen Curry,4,4,43,Jump Shot,3PT Field Goal,-23.5,3.1,TRUE
21500836,Stephen Curry,4,3,34,Jump Shot,3PT Field Goal,14.1,21.3,FALSE
21500836,Stephen Curry,4,3,19,Running Finger Roll Layup Shot,2PT Field Goal,0.1,0.1,TRUE
21500836,Stephen Curry,4,2,36,Driving Layup Shot,2PT Field Goal,1.4,0.2,TRUE
21500836,Stephen Curry,4,1,4,Pullup Jump shot,3PT Field Goal,2.8,26.7,FALSE
